id,section,route,source_file,context,ru_text,kk_proposed,review_status,notes
G-001,GLOBAL,(все страницы),src/lib/config/site.ts,"Бренд сайта (логотип, заголовки, Open Graph)",MS Стеллажи,MS Стеллаждар,NEEDS_REVIEW,
G-002,GLOBAL,(все страницы),src/lib/config/site.ts,"Юридическое лицо продавца (футер, оферта, политика, JSON-LD)","ИП ""ГИДРОПРОЕКТ""","ИП ""ГИДРОПРОЕКТ""",NEEDS_REVIEW,НЕ ПЕРЕВОДИТЬ — юридическое наименование
G-003,GLOBAL,(все страницы),src/lib/config/site.ts,Слоган бренда,Модульные металлические стеллажи,Модульдік металл стеллаждар,NEEDS_REVIEW,"Терминология 2026-09-21: стеллаж (весь стеллаж) → «стеллаж», не «сөре»"
G-004,GLOBAL,(все страницы),src/lib/config/site.ts; src/app/layout.tsx; src/components/layout/Footer.tsx,"Краткое описание компании: футер, meta description, Open Graph","Модульные металлические стеллажи MS для склада, архива, гаража и офиса. Конфигуратор с мгновенным расчётом цены. Доставка по Казахстану.","Қоймаға, мұрағатқа, гаражға және кеңсеге арналған MS модульдік металл стеллаждары. Бағаны бірден есептейтін конфигуратор. Қазақстан бойынша жеткізу.",NEEDS_REVIEW,"Терминология 2026-09-21: стеллаж (весь стеллаж) → «стеллаж», не «сөре»"
G-005,GLOBAL,"/contacts, /privacy, /terms, футер",src/lib/config/site.ts,Почтовый адрес компании,"г. Астана, ул. А. Иманова, 19","Астана қ., А. Иманов көшесі, 19",NEEDS_REVIEW,Проверить официальное написание улицы на казахском
G-006,GLOBAL,"(JSON-LD, адрес)",src/lib/config/site.ts,Город в структурированных данных и адресе,Астана,Астана,NEEDS_REVIEW,
G-007,GLOBAL,"/contacts, футер, главная",src/lib/config/site.ts,Режим работы,Пн–Пт 09:00–18:00,Дс–Жм 09:00–18:00,NEEDS_REVIEW,
G-008,GLOBAL,(все страницы),src/lib/money.ts,"Суффикс размера в миллиметрах: ""2000 мм""",мм,мм,NEEDS_REVIEW,Динамически: `${число} мм`
G-009,GLOBAL,/catalog/[model],src/lib/money.ts,"Суффикс массы: ""12,5 кг""",кг,кг,NEEDS_REVIEW,Динамически: `${число} кг`
G-010,GLOBAL,(все страницы),src/lib/money.ts,"Символ валюты в цене: ""125 000 ₸""",₸,₸,NEEDS_REVIEW,НЕ ПЕРЕВОДИТЬ — символ валюты
G-011,GLOBAL,"/catalog, /cart",src/lib/plural.ts,Число полок с русским согласованием: 1 полка / 2 полки / 5 полок,{N} полка / {N} полки / {N} полок,{N} сөре,NEEDS_REVIEW,"ДИНАМИЧЕСКАЯ СТРОКА: в казахском числовое согласование не требуется — одна форма ""{N} сөре"". Правило множественного числа нужно будет отключить для kk"
H-001,HEADER,(все страницы),src/components/layout/Header.tsx,aria-label основной навигации в шапке,Основная навигация,Негізгі мәзір,NEEDS_REVIEW,
H-002,HEADER,(все страницы),src/lib/config/site.ts,Пункт меню (шапка и футер),Каталог,Каталог,NEEDS_REVIEW,"В site.ts уже есть labelKk: ""Каталог"""
H-003,HEADER,(все страницы),src/lib/config/site.ts,Пункт меню (шапка и футер),Конфигуратор,Конфигуратор,NEEDS_REVIEW,"В site.ts уже есть labelKk: ""Конфигуратор"""
H-004,HEADER,(все страницы),src/lib/config/site.ts,Пункт меню в шапке,Доставка и оплата,Жеткізу және төлем,NEEDS_REVIEW,В site.ts уже есть labelKk
H-005,HEADER,(все страницы),src/lib/config/site.ts,Пункт меню (шапка и футер),Контакты,Байланыс,NEEDS_REVIEW,"В site.ts уже есть labelKk: ""Байланыс"""
H-006,HEADER,(все страницы),src/components/layout/Header.tsx; src/components/layout/WhatsAppFloatingButton.tsx,aria-label кнопки WhatsApp в шапке и плавающей кнопки,Написать в WhatsApp,WhatsApp арқылы жазу,NEEDS_REVIEW,
H-007,HEADER,(все страницы),src/components/layout/Header.tsx,aria-label иконки корзины,Корзина,Себет,NEEDS_REVIEW,
H-008,HEADER,(все страницы),src/components/layout/Header.tsx,Кнопка-CTA в шапке (десктоп),Конфигурировать,Конфигурациялау,NEEDS_REVIEW,
H-009,HEADER,(все страницы),src/components/layout/Header.tsx,"aria-label кнопки меню, когда меню закрыто",Открыть меню,Мәзірді ашу,NEEDS_REVIEW,
H-010,HEADER,(все страницы),src/components/layout/Header.tsx,"aria-label кнопки меню, когда меню открыто",Закрыть меню,Мәзірді жабу,NEEDS_REVIEW,
H-011,HEADER,(все страницы),src/components/layout/Header.tsx,aria-label мобильного меню,Мобильная навигация,Мобильді мәзір,NEEDS_REVIEW,
H-012,HEADER,(все страницы),src/components/layout/Header.tsx,Кнопка-CTA внутри мобильного меню,Конфигурировать стеллаж,Стеллажды конфигурациялау,NEEDS_REVIEW,"Терминология 2026-09-21: стеллаж (весь стеллаж) → «стеллаж», не «сөре»"
F-001,FOOTER,(все страницы),src/components/layout/Footer.tsx,Заголовок колонки ссылок в футере,Навигация,Бөлімдер,NEEDS_REVIEW,"Альтернатива: ""Бөлімдер"" — требует решения"
F-002,FOOTER,(все страницы),src/components/layout/Footer.tsx,Заголовок колонки контактов в футере,Контакты,Байланыс,NEEDS_REVIEW,"Тот же текст, что H-005, но другой контекст (заголовок блока, не пункт меню)"
F-003,FOOTER,(все страницы),src/components/layout/Footer.tsx,Заголовок колонки реквизитов в футере,Реквизиты,Деректемелер,NEEDS_REVIEW,
F-004,FOOTER,(все страницы),src/lib/config/site.ts,Ссылка в футере,Каталог стеллажей,Стеллаждар каталогы,NEEDS_REVIEW,"Терминология 2026-09-21: стеллаж (весь стеллаж) → «стеллаж», не «сөре»"
F-005,FOOTER,(все страницы),src/lib/config/site.ts,Ссылка в футере,Доставка,Жеткізу,NEEDS_REVIEW,
F-006,FOOTER,(все страницы),src/lib/config/site.ts,Ссылка в футере,Оплата,Төлем,NEEDS_REVIEW,
F-007,FOOTER,(все страницы),src/lib/config/site.ts,Ссылка в футере,Политика конфиденциальности,Құпиялылық саясаты,NEEDS_REVIEW,
F-008,FOOTER,(все страницы),src/lib/config/site.ts,Ссылка в футере,Публичная оферта,Жария оферта,NEEDS_REVIEW,
F-009,FOOTER,(все страницы),src/components/layout/Footer.tsx,Подпись к БИН компании в футере,БИН:,БСН:,NEEDS_REVIEW,Сам номер БИН не переводится
F-010,FOOTER,(все страницы),src/components/layout/Footer.tsx,Строка реквизитов в футере,Работаем с физическими и юридическими лицами,Жеке және заңды тұлғалармен жұмыс істейміз,NEEDS_REVIEW,
F-011,FOOTER,(все страницы),src/components/layout/Footer.tsx,Строка реквизитов в футере,"Работаем с НДС, предоставляем документы","ҚҚС төлеушісіміз, қажетті құжаттардың толық пакетін ұсынамыз",NEEDS_REVIEW,
F-012,FOOTER,(все страницы),src/components/layout/Footer.tsx,"Копирайт: ""© 2026 ИП ... Все права защищены.""",Все права защищены.,Барлық құқықтар қорғалған.,NEEDS_REVIEW,Динамически: год + наименование компании + эта фраза
F-013,FOOTER,(все страницы),src/components/layout/Footer.tsx,Строка валюты и страны в нижней полосе футера,Казахстан,Қазақстан,NEEDS_REVIEW,"Динамически: ""₸ KZT · Казахстан"""
HM-001,HOME,/,src/app/page.tsx,Бейдж над заголовком в hero-блоке,Конфигуратор с расчётом цены онлайн,Бағаны онлайн есептейтін конфигуратор,NEEDS_REVIEW,
HM-002,HOME,/,src/app/page.tsx,Главный заголовок H1 на главной,Соберите стеллаж MS и получите цену мгновенно,"MS стеллажын құрастырып, бағасын бірден біліңіз",NEEDS_REVIEW,
HM-003,HOME,/,src/app/page.tsx,Подзаголовок hero-блока,"Модульные металлические стеллажи для склада, архива, гаража и офиса. Задайте размеры, нагрузку и комплектацию — итоговая стоимость рассчитывается сразу.","Қоймаға, мұрағатқа, гаражға және кеңсеге арналған модульдік металл стеллаждар. Өлшемдерін, жүктемесін және жинақтамасын көрсетіңіз — қорытынды құны бірден есептеледі.",NEEDS_REVIEW,"Терминология 2026-09-21: стеллаж (весь стеллаж) → «стеллаж», не «сөре»"
HM-004,HOME,/,src/app/page.tsx,Основная кнопка hero-блока,Открыть конфигуратор,Конфигураторды ашу,NEEDS_REVIEW,
HM-005,HOME,/,src/app/page.tsx,Вторичная кнопка hero-блока,Смотреть каталог,Каталогты қарау,NEEDS_REVIEW,
HM-006,HOME,/,src/app/page.tsx,Строка под кнопками hero-блока,Стеллажи от {цена} · нагрузка до 150 кг на полку,Стеллаждар {баға}-дан бастап · бір сөреге 150 кг-ға дейін жүктеме,NEEDS_REVIEW,"ДИНАМИЧЕСКАЯ СТРОКА: цена подставляется из расчёта; 150 кг захардкожено в page.tsx. Терминология 2026-09-21: стеллаж (весь стеллаж) → «стеллаж», не «сөре»"
HM-007,HOME,/,src/app/page.tsx,Преимущество 1 — заголовок,До 150 кг на полку,Бір сөреге 150 кг-ға дейін,NEEDS_REVIEW,
HM-008,HOME,/,src/app/page.tsx,Преимущество 1 — описание,"MS Стандарт для склада, архива и офиса","Қоймаға, мұрағатқа және кеңсеге арналған MS Стандарт",NEEDS_REVIEW,"MS Стандарт — название модели, не переводится"
HM-009,HOME,/,src/app/page.tsx,Преимущество 2 — заголовок,Модульная конструкция,Модульдік құрылым,NEEDS_REVIEW,
HM-010,HOME,/,src/app/page.tsx,Преимущество 2 — описание,Наращивайте секции и полки по мере роста склада,Қоймаңыз кеңейген сайын секциялар мен сөрелерді көбейтіңіз,NEEDS_REVIEW,
HM-011,HOME,/,src/app/page.tsx,Преимущество 3 — заголовок,Регулируемый шаг полок,Сөрелердің реттелетін қадамы,NEEDS_REVIEW,
HM-012,HOME,/,src/app/page.tsx,Преимущество 3 — описание,Настройте высоту под конкретные грузы без сверления,Нақты жүкке сай биіктікті бұрғылаусыз реттеңіз,NEEDS_REVIEW,
HM-013,HOME,/,src/app/page.tsx,Преимущество 4 — заголовок,Быстрая сборка,Жылдам жинау,NEEDS_REVIEW,
HM-014,HOME,/,src/app/page.tsx,Преимущество 4 — описание,"Болтовое соединение — без сварки, силами одной бригады","Бұранды қосылыс — дәнекерлеусіз, бір бригадамен құрастырылады",NEEDS_REVIEW,
HM-015,HOME,/,src/app/page.tsx,Преимущество 5 — заголовок,Размеры на выбор,Таңдауға болатын өлшемдер,NEEDS_REVIEW,ru обновлён по исходнику 2026-09-21. НОВОЕ ПРЕДЛОЖЕНИЕ kk (2026-09-21) — требует проверки владельцем
HM-016,HOME,/,src/app/page.tsx,Преимущество 5 — описание,"Стандартные высоты, ширины и глубины — подберите сочетание в конфигураторе","Стандартты биіктік, ен және тереңдік — үйлесімін конфигураторда таңдаңыз",NEEDS_REVIEW,ru обновлён по исходнику 2026-09-21. НОВОЕ ПРЕДЛОЖЕНИЕ kk (2026-09-21) — требует проверки владельцем
HM-017,HOME,/,src/app/page.tsx,Преимущество 6 — заголовок,Доставка по Казахстану,Қазақстан бойынша жеткізу,NEEDS_REVIEW,
HM-018,HOME,/,src/app/page.tsx,Преимущество 6 — описание,"Самовывоз, доставка по городу и в регионы","Қоймадан алып кету, қала ішінде және өңірлерге жеткізу",NEEDS_REVIEW,
HM-019,HOME,/,src/app/page.tsx,Преимущество 7 — заголовок,Физическим и юридическим лицам,Жеке және заңды тұлғаларға,NEEDS_REVIEW,
HM-020,HOME,/,src/app/page.tsx,Преимущество 7 — описание,"Работаем с частными клиентами, компаниями и госорганизациями","Жеке клиенттермен, компаниялармен және мемлекеттік мекемелермен жұмыс істейміз",NEEDS_REVIEW,
HM-021,HOME,/,src/app/page.tsx,Преимущество 8 — заголовок,Документы с НДС,ҚҚС-пен құжаттар,NEEDS_REVIEW,
HM-022,HOME,/,src/app/page.tsx,Преимущество 8 — описание,Полный пакет закрывающих документов для бухгалтерии,Бухгалтерияға арналған жабу құжаттарының толық пакеті,NEEDS_REVIEW,
HM-023,HOME,/,src/app/page.tsx,Заголовок секции преимуществ,Почему выбирают MS,Неліктен MS-ті таңдайды,NEEDS_REVIEW,
HM-024,HOME,/,src/app/page.tsx,Заголовок секции моделей,Категории стеллажей,Стеллаж санаттары,NEEDS_REVIEW,"Терминология 2026-09-21: стеллаж (весь стеллаж) → «стеллаж», не «сөре»"
HM-025,HOME,/,src/app/page.tsx,Подпись характеристики модели в карточке-витрине,Высота,Биіктігі,NEEDS_REVIEW,
HM-026,HOME,/,src/app/page.tsx,Подпись характеристики модели в карточке-витрине,Ширина,Ені,NEEDS_REVIEW,
HM-027,HOME,/,src/app/page.tsx,Подпись характеристики модели в карточке-витрине,Глубина,Тереңдігі,NEEDS_REVIEW,
HM-028,HOME,/,src/app/page.tsx,Подпись характеристики модели в карточке-витрине,Нагрузка,Жүктеме,NEEDS_REVIEW,
HM-029,HOME,/,src/app/page.tsx,Значение нагрузки в витрине модели,до {N} кг/полку,бір сөреге {N} кг-ға дейін,NEEDS_REVIEW,ДИНАМИЧЕСКАЯ СТРОКА: N из каталога
HM-030,HOME,/,src/app/page.tsx,Диапазон размеров модели в витрине,{min}–{max} мм,{min}–{max} мм,NEEDS_REVIEW,ДИНАМИЧЕСКАЯ СТРОКА: границы из каталога
HM-031,HOME,/,src/app/page.tsx,Примечание под характеристиками модели,Доступные сочетания размеров проверяются в конфигураторе.,Қолжетімді өлшем үйлесімдері конфигураторда тексеріледі.,NEEDS_REVIEW,
HM-032,HOME,/,src/app/page.tsx,Кнопка в карточке-витрине модели,Настроить стеллаж,Стеллажды баптау,NEEDS_REVIEW,"Терминология 2026-09-21: стеллаж (весь стеллаж) → «стеллаж», не «сөре»"
HM-033,HOME,/,src/app/page.tsx,Вторичная кнопка в карточке-витрине модели,Смотреть модели,Модельдерді қарау,NEEDS_REVIEW,
HM-034,HOME,/,src/app/page.tsx,Заголовок секции как это работает,Как это работает,Бұл қалай жұмыс істейді,NEEDS_REVIEW,
HM-035,HOME,/,src/app/page.tsx,Шаг 1 — заголовок,Выберите модель,Модельді таңдаңыз,NEEDS_REVIEW,
HM-036,HOME,/,src/app/page.tsx,Шаг 1 — описание,MS Стандарт для ваших задач,Жұмысыңызға арналған MS Стандарт,NEEDS_REVIEW,
HM-037,HOME,/,src/app/page.tsx,Шаг 2 — заголовок,Задайте размеры,Өлшемдерді көрсетіңіз,NEEDS_REVIEW,
HM-038,HOME,/,src/app/page.tsx,Шаг 2 — описание,"Высота, ширина, глубина и число полок","Биіктігі, ені, тереңдігі және сөрелер саны",NEEDS_REVIEW,
HM-039,HOME,/,src/app/page.tsx,Шаг 3 — заголовок,Добавьте аксессуары,Аксессуарларды қосыңыз,NEEDS_REVIEW,
HM-040,HOME,/,src/app/page.tsx,Шаг 3 — описание,"Стенки, разделители, контейнеры и сборку","Қабырғалар, бөлгіштер, контейнерлер және құрастыру қызметі",NEEDS_REVIEW,
HM-041,HOME,/,src/app/page.tsx,Шаг 4 — заголовок,Получите цену,Бағасын біліңіз,NEEDS_REVIEW,
HM-042,HOME,/,src/app/page.tsx,Шаг 4 — описание,Расчёт происходит мгновенно на сервере,Баға серверде бірден есептеледі,NEEDS_REVIEW,
HM-043,HOME,/,src/app/page.tsx,Шаг 5 — заголовок,Оформите заказ,Тапсырыс беріңіз,NEEDS_REVIEW,
HM-044,HOME,/,src/app/page.tsx,Шаг 5 — описание,"Онлайн, по телефону или в WhatsApp","Онлайн, телефон арқылы немесе WhatsApp арқылы",NEEDS_REVIEW,
HM-045,HOME,/,src/app/page.tsx,Заголовок секции популярных конфигураций,Популярные конфигурации,Танымал конфигурациялар,NEEDS_REVIEW,
HM-046,HOME,/,src/app/page.tsx,Ссылка справа от заголовка популярных конфигураций,Весь каталог →,Толық каталог →,NEEDS_REVIEW,
HM-047,HOME,/,src/app/page.tsx,Заголовок секции применений,Где используют стеллажи MS,MS стеллаждары қайда қолданылады,NEEDS_REVIEW,"Терминология 2026-09-21: стеллаж (весь стеллаж) → «стеллаж», не «сөре»"
HM-048,HOME,/,src/app/page.tsx,Заголовок блока способов получения,Способы получения,Тауарды алу тәсілдері,NEEDS_REVIEW,
HM-049,HOME,/,src/app/page.tsx,Пункт списка способов получения,"Склады в Алматы, Астане, Караганде и Шымкенте","Алматы, Астана, Қарағанды және Шымкент қалаларындағы қоймалар",NEEDS_REVIEW,
HM-050,HOME,/,src/app/page.tsx,Пункт списка способов получения,"Доставка по Алматы, Астане, Караганде и Шымкенту — бесплатно, в тот же день","Алматы, Астана, Қарағанды және Шымкент қалаларында жеткізу — тегін, сол күні",NEEDS_REVIEW,ru обновлён по исходнику 2026-09-21. kk — утверждённая бизнес-формулировка (2026-09-21)
HM-051,HOME,/,src/app/page.tsx,Пункт списка способов получения,Доставка в другие города и регионы Казахстана — 2–3 дня. Стоимость доставки рассчитывается индивидуально.,Қазақстанның басқа қалалары мен өңірлеріне жеткізу — 2–3 күн. Жеткізу құны жеке есептеледі.,NEEDS_REVIEW,
HM-052,HOME,/,src/app/page.tsx,Пункт списка способов получения,Профессиональная сборка на объекте,Нысанда кәсіби құрастыру,NEEDS_REVIEW,
HM-053,HOME,/,src/app/page.tsx,Кнопка под списком способов получения,Подробнее о доставке,Жеткізу туралы толығырақ,NEEDS_REVIEW,
HM-054,HOME,/,src/app/page.tsx,Заголовок блока способов оплаты,Способы оплаты,Төлем тәсілдері,NEEDS_REVIEW,
HM-055,HOME,/,src/app/page.tsx,Пункт списка способов оплаты,Безналичный расчёт для юридических лиц,Заңды тұлғаларға қолма-қол ақшасыз есеп айырысу,NEEDS_REVIEW,
HM-056,HOME,/,src/app/page.tsx,Пункт списка способов оплаты,Оплата по счёту,Шот бойынша төлем,NEEDS_REVIEW,
HM-057,HOME,/,src/app/page.tsx,Пункт списка способов оплаты,Наличными при самовывозе,Қоймадан алып кеткенде қолма-қол ақшамен,NEEDS_REVIEW,
HM-058,HOME,/,src/app/page.tsx,Пункт списка способов оплаты,Kaspi Pay и Kaspi QR — скоро,Kaspi Pay және Kaspi QR — жақында,NEEDS_REVIEW,Kaspi Pay / Kaspi QR не переводятся
HM-059,HOME,/,src/app/page.tsx,Кнопка под списком способов оплаты,Подробнее об оплате,Төлем туралы толығырақ,NEEDS_REVIEW,
HM-060,HOME,/,src/app/page.tsx,Заголовок контактной секции на главной,Свяжитесь с нами,Бізбен байланысыңыз,NEEDS_REVIEW,
HM-061,HOME,/ и /contacts,src/app/page.tsx; src/app/contacts/page.tsx,Подпись поля контактов,WhatsApp,WhatsApp,NEEDS_REVIEW,НЕ ПЕРЕВОДИТЬ — название сервиса
HM-062,HOME,/ и /contacts,src/app/page.tsx; src/app/contacts/page.tsx,Подпись поля контактов,Email,Email,NEEDS_REVIEW,Оставить Email либо перевести как Электрондық пошта — требует решения
HM-063,HOME,/ и /contacts,src/app/page.tsx; src/app/contacts/page.tsx,Подпись поля контактов,Адрес,Мекенжай,NEEDS_REVIEW,
HM-064,HOME,/ и /contacts,src/app/page.tsx; src/app/contacts/page.tsx,Подпись поля контактов,Режим работы,Жұмыс уақыты,NEEDS_REVIEW,
HM-066,HOME,/,src/app/page.tsx,Заголовок формы заявки на главной,Оставить заявку,Өтінім қалдыру,NEEDS_REVIEW,
HM-067,HOME,/,src/app/page.tsx,Подпись под заголовком формы заявки,Ответим в рабочее время в течение часа.,Жұмыс уақытында бір сағат ішінде жауап береміз.,NEEDS_REVIEW,
HM-068,HOME,/,src/lib/data/seed-data.ts,Сфера применения (плитка на главной),Склад,Қойма,NEEDS_REVIEW,В seed-data уже есть поле kk с этим значением
HM-069,HOME,/,src/lib/data/seed-data.ts,Сфера применения (плитка на главной),Архив,Мұрағат,NEEDS_REVIEW,В seed-data уже есть поле kk
HM-070,HOME,/,src/lib/data/seed-data.ts,Сфера применения (плитка на главной),Офис,Кеңсе,NEEDS_REVIEW,В seed-data уже есть поле kk
HM-071,HOME,/,src/lib/data/seed-data.ts,Сфера применения (плитка на главной),Гараж,Гараж,NEEDS_REVIEW,В seed-data уже есть поле kk
HM-072,HOME,/,src/lib/data/seed-data.ts,Сфера применения (плитка на главной),Кладовая,Қойма бөлмесі,NEEDS_REVIEW,В seed-data уже есть поле kk
HM-073,HOME,/,src/lib/data/seed-data.ts,Сфера применения (плитка на главной),Магазин,Дүкен,NEEDS_REVIEW,В seed-data уже есть поле kk
HM-074,HOME,/,src/lib/data/seed-data.ts,Сфера применения (плитка на главной),Мастерская,Шеберхана,NEEDS_REVIEW,В seed-data уже есть поле kk
HM-075,HOME,/,src/lib/data/seed-data.ts,Сфера применения (плитка на главной),Медицинское учреждение,Медициналық мекеме,NEEDS_REVIEW,В seed-data уже есть поле kk
HM-076,HOME,/,src/lib/data/seed-data.ts,Сфера применения (плитка на главной),Учебное заведение,Оқу орны,NEEDS_REVIEW,В seed-data уже есть поле kk
CT-001,CATALOG,/catalog,src/app/catalog/page.tsx,Заголовок H1 страницы каталога,Каталог стеллажей MS,MS стеллаждарының каталогы,NEEDS_REVIEW,"Терминология 2026-09-21: стеллаж (весь стеллаж) → «стеллаж», не «сөре»"
CT-002,CATALOG,/catalog,src/app/catalog/page.tsx,Вводный текст под заголовком каталога,Готовые конфигурации с расчитанной ценой. Любую из них можно настроить под себя в конфигураторе.,Бағасы есептелген дайын конфигурациялар. Кез келгенін конфигураторда өз қалауыңызға сай баптауға болады.,NEEDS_REVIEW,В русском оригинале опечатка: расчитанной вместо рассчитанной
CT-003,CATALOG,"/catalog, /catalog/[model]",src/app/catalog/page.tsx; src/app/catalog/[model]/page.tsx,Хлебные крошки (структурированные данные BreadcrumbList),Главная,Басты бет,NEEDS_REVIEW,
CT-004,CATALOG,"/catalog, /catalog/[model]",src/app/catalog/page.tsx; src/app/catalog/[model]/page.tsx,Хлебные крошки (структурированные данные BreadcrumbList),Каталог,Каталог,NEEDS_REVIEW,
CT-005,CATALOG,/catalog,src/components/catalog/FilterForm.tsx,Подпись фильтра,Модель,Модель,NEEDS_REVIEW,
CT-006,CATALOG,/catalog,src/components/catalog/FilterForm.tsx,Значение фильтра по умолчанию,Все модели,Барлық модельдер,NEEDS_REVIEW,
CT-007,CATALOG,/catalog,src/components/catalog/FilterForm.tsx,Подпись фильтра,Применение,Қолданылуы,NEEDS_REVIEW,
CT-008,CATALOG,/catalog,src/components/catalog/FilterForm.tsx,Значение фильтра по умолчанию (применение и наличие),Любое,Кез келген,NEEDS_REVIEW,Используется в двух разных фильтрах — контекст одинаковый
CT-009,CATALOG,/catalog,src/components/catalog/FilterForm.tsx,Подпись фильтра,Наличие,Бар-жоғы,NEEDS_REVIEW,
CT-010,CATALOG,/catalog,src/components/catalog/FilterForm.tsx,Значение фильтра наличия,В наличии,Қоймада бар,NEEDS_REVIEW,
CT-011,CATALOG,/catalog,src/components/catalog/FilterForm.tsx,Подпись фильтра,Сортировка,Сұрыптау,NEEDS_REVIEW,
CT-012,CATALOG,/catalog,src/components/catalog/FilterForm.tsx,Вариант сортировки,Рекомендуемые,Ұсынылатындар,NEEDS_REVIEW,
CT-013,CATALOG,/catalog,src/components/catalog/FilterForm.tsx,Вариант сортировки,Сначала дешевле,Алдымен арзанырақ,NEEDS_REVIEW,
CT-014,CATALOG,/catalog,src/components/catalog/FilterForm.tsx,Вариант сортировки,Сначала дороже,Алдымен қымбатырақ,NEEDS_REVIEW,
CT-015,CATALOG,/catalog,src/components/catalog/FilterForm.tsx,Вариант сортировки,По популярности,Танымалдығы бойынша,NEEDS_REVIEW,
CT-016,CATALOG,/catalog,src/components/catalog/FilterForm.tsx,Вариант сортировки,Сначала новые,Алдымен жаңалары,NEEDS_REVIEW,
CT-017,CATALOG,/catalog,src/components/catalog/FilterForm.tsx,Кнопка отправки фильтра без JavaScript (noscript),Применить,Қолдану,NEEDS_REVIEW,
CT-018,CATALOG,/catalog,src/app/catalog/page.tsx,Пустое состояние каталога при отсутствии совпадений,По выбранным фильтрам ничего не найдено. Попробуйте изменить параметры.,Таңдалған сүзгілер бойынша ештеңе табылмады. Параметрлерді өзгертіп көріңіз.,NEEDS_REVIEW,
CT-019,CATALOG,"/, /catalog, /catalog/[model]",src/components/catalog/ProductCard.tsx,Бейдж на карточке популярного товара,Популярно,Танымал,NEEDS_REVIEW,
CT-020,CATALOG,"/, /catalog, /catalog/[model]",src/components/catalog/ProductCard.tsx,"Подпись вместо цены, когда цену нельзя рассчитать",По запросу,Сұраныс бойынша,NEEDS_REVIEW,
CT-021,CATALOG,"/, /catalog, /catalog/[model]",src/components/catalog/ProductCard.tsx,Кнопка перехода в конфигуратор из карточки,Настроить,Баптау,NEEDS_REVIEW,
CT-022,CATALOG,"/, /catalog, /catalog/[model]",src/components/catalog/ProductCard.tsx,Кнопка добавления в корзину из карточки,В корзину,Себетке,NEEDS_REVIEW,
CT-023,CATALOG,"/, /catalog, /catalog/[model]",src/components/catalog/ProductCard.tsx,Состояние кнопки после успешного добавления в корзину,Добавлено ✓,Қосылды ✓,NEEDS_REVIEW,
CT-024,CATALOG,"/, /catalog, /catalog/[model], /cart",src/components/catalog/ProductCard.tsx; src/components/cart/CartClient.tsx; src/components/configurator/ShelvingPreview.tsx,Характеристика нагрузки в карточке и на схеме,{N} кг/полка,бір сөреге {N} кг,NEEDS_REVIEW,ДИНАМИЧЕСКАЯ СТРОКА: N из конфигурации
CT-025,CATALOG,"/catalog, /catalog/[model]",src/components/catalog/CatalogRackPreview.tsx,aria-label и title SVG-иллюстрации стеллажа в каталоге,"{модель}: {высота}×{ширины}×{глубина} мм, {N} полки","{модель}: {биіктік}×{ені}×{тереңдік} мм, {N} сөре",NEEDS_REVIEW,ДИНАМИЧЕСКАЯ СТРОКА: окончание полки захардкожено и не согласуется по числу даже в русском
PR-001,PRODUCT,/catalog/[model],src/app/catalog/[model]/page.tsx,"Заголовок страницы, если модель не найдена или скрыта",Модель не найдена,Модель табылмады,NEEDS_REVIEW,
PR-002,PRODUCT,/catalog/[model],src/lib/data/seed-data.ts,"Название публичной модели (H1, карточки, хлебные крошки)",MS Стандарт,MS Стандарт,NEEDS_REVIEW,В seed-data уже есть kk: MS Стандарт. Название модели не переводится
PR-003,PRODUCT,"/catalog/[model], /",src/lib/data/seed-data.ts,Короткое описание модели MS Стандарт,"Универсальный болтовой стеллаж для склада, архива и офиса","Қоймаға, мұрағатқа және кеңсеге арналған әмбебап болтты стеллаж",NEEDS_REVIEW,"В seed-data уже есть kk-вариант. Терминология 2026-09-21: стеллаж (весь стеллаж) → «стеллаж», не «сөре»"
PR-004,PRODUCT,"/catalog/[model], /",src/lib/data/seed-data.ts,Полное описание модели MS Стандарт,"MS Стандарт — универсальная модульная стеллажная система на болтовом соединении. Подходит для складов, архивов, магазинов и офисов. Быстро собирается без сварки, легко расширяется дополнительными секциями и полками.","MS Стандарт — бұранды қосылысы бар әмбебап модульдік стеллаж жүйесі. Қоймаға, мұрағатқа, дүкенге және кеңсеге қолайлы. Дәнекерлеусіз тез жиналады, қосымша секциялар мен сөрелер арқылы оңай кеңейтіледі.",NEEDS_REVIEW,"В seed-data есть более короткий kk-вариант — предложенный здесь полнее. Терминология 2026-09-21: стеллаж (весь стеллаж) → «стеллаж», не «сөре»"
PR-005,PRODUCT,/catalog/[model],src/app/catalog/[model]/page.tsx,Цена от: подпись перед минимальной ценой модели,от {цена},{баға}-дан бастап,NEEDS_REVIEW,ДИНАМИЧЕСКАЯ СТРОКА
PR-006,PRODUCT,/catalog/[model],src/app/catalog/[model]/page.tsx,Основная кнопка на странице модели,Настроить в конфигураторе,Конфигураторда баптау,NEEDS_REVIEW,
PR-007,PRODUCT,/catalog/[model],src/app/catalog/[model]/page.tsx,Кнопка WhatsApp на странице модели,Спросить в WhatsApp,WhatsApp арқылы сұрау,NEEDS_REVIEW,
PR-008,PRODUCT,/catalog/[model],src/app/catalog/[model]/page.tsx,Подпись характеристики модели,Максимальная нагрузка,Ең жоғары жүктеме,NEEDS_REVIEW,
PR-009,PRODUCT,/catalog/[model],src/app/catalog/[model]/page.tsx,Значение максимальной нагрузки,{N} кг/полка,бір сөреге {N} кг,NEEDS_REVIEW,ДИНАМИЧЕСКАЯ СТРОКА
PR-010,PRODUCT,/catalog/[model],src/app/catalog/[model]/page.tsx,Подпись характеристики: список доступных высот,Высоты,Биіктіктер,NEEDS_REVIEW,
PR-011,PRODUCT,/catalog/[model],src/app/catalog/[model]/page.tsx,Подпись характеристики: список доступных ширин,Ширины,Ендер,NEEDS_REVIEW,
PR-012,PRODUCT,/catalog/[model],src/app/catalog/[model]/page.tsx,Подпись характеристики: список доступных глубин,Глубины,Тереңдіктер,NEEDS_REVIEW,
PR-013,PRODUCT,/catalog/[model],src/app/catalog/[model]/page.tsx,Подпись характеристики: диапазон числа полок,Полки,Сөрелер,NEEDS_REVIEW,
PR-014,PRODUCT,/catalog/[model],src/app/catalog/[model]/page.tsx,Значение диапазона числа полок,от {min} до {max} шт.,{min}-нан {max}-ға дейін дана,NEEDS_REVIEW,ДИНАМИЧЕСКАЯ СТРОКА: склонение числительных на казахском зависит от числа — требует проверки носителем
PR-015,PRODUCT,/catalog/[model],src/app/catalog/[model]/page.tsx,Подпись характеристики: типы полок,Типы полок,Сөре түрлері,NEEDS_REVIEW,
PR-016,PRODUCT,/catalog/[model],src/app/catalog/[model]/page.tsx; src/lib/data/seed-data.ts,Тип полки в характеристиках модели,Стандартная,Стандартты,NEEDS_REVIEW,В seed-data уже есть kk: Стандартты
PR-017,PRODUCT,/catalog/[model],src/app/catalog/[model]/page.tsx; src/lib/data/seed-data.ts,Тип полки в характеристиках модели,Усиленная,Күшейтілген,NEEDS_REVIEW,В seed-data уже есть kk
PR-018,PRODUCT,/catalog/[model],src/app/catalog/[model]/page.tsx; src/lib/data/seed-data.ts,Тип полки в характеристиках модели,Особо усиленная,Аса күшейтілген,NEEDS_REVIEW,В seed-data уже есть kk
PR-019,PRODUCT,/catalog/[model],src/app/catalog/[model]/page.tsx; src/lib/data/seed-data.ts,Тип полки в характеристиках модели,Перфорированная,Ойықталған,NEEDS_REVIEW,В seed-data уже есть kk
PR-020,PRODUCT,/catalog/[model],src/app/catalog/[model]/page.tsx; src/lib/data/seed-data.ts,Тип полки в характеристиках модели,Оцинкованная,Мырышталған,NEEDS_REVIEW,В seed-data уже есть kk
PR-021,PRODUCT,/catalog/[model],src/app/catalog/[model]/page.tsx,Заголовок секции готовых конфигураций модели,Готовые конфигурации {модель},{Модель} дайын конфигурациялары,NEEDS_REVIEW,ДИНАМИЧЕСКАЯ СТРОКА: подставляется название модели
PR-022,PRODUCT,/catalog/[model],src/app/catalog/[model]/page.tsx,Заголовок блока о сборке,Сборка и монтаж,Құрастыру және монтаждау,NEEDS_REVIEW,
PR-023,PRODUCT,/catalog/[model],src/app/catalog/[model]/page.tsx,Текст блока о сборке,Стеллаж поставляется в разобранном виде и собирается на болтовом соединении без сварки. Возможна самостоятельная сборка по инструкции или профессиональный монтаж бригадой на вашем объекте.,"Стеллаж бөлшектелген күйде жеткізіледі және дәнекерлеусіз, бұранды қосылыспен жиналады. Нұсқаулық бойынша өзіңіз құрастыра аласыз немесе нысаныңызда кәсіби бригада монтаждай алады.",NEEDS_REVIEW,"Терминология 2026-09-21: стеллаж (весь стеллаж) → «стеллаж», не «сөре»"
PR-024,PRODUCT,/catalog/[model],src/app/catalog/[model]/page.tsx,Заголовок блока о доставке на странице модели,Доставка,Жеткізу,NEEDS_REVIEW,
PR-025,PRODUCT,/catalog/[model],src/app/catalog/[model]/page.tsx,Текст блока о доставке на странице модели,"Самовывоз со складов в Алматы, Астане, Караганде и Шымкенте. Доставка по Алматы, Астане, Караганде и Шымкенту — бесплатно, в тот же день. Доставка в другие города и регионы Казахстана — 2–3 дня. Стоимость доставки рассчитывается индивидуально.","Алматы, Астана, Қарағанды және Шымкент қалаларындағы қоймалардан алып кету. Алматы, Астана, Қарағанды және Шымкент қалаларында жеткізу — тегін, сол күні. Қазақстанның басқа қалалары мен өңірлеріне жеткізу — 2–3 күн. Жеткізу құны жеке есептеледі.",NEEDS_REVIEW,
PR-026,PRODUCT,/catalog/[model],src/app/catalog/[model]/page.tsx,Заголовок секции других моделей,Другие модели,Басқа модельдер,NEEDS_REVIEW,
PR-027,PRODUCT,/catalog/[model],src/app/catalog/[model]/page.tsx,Подпись под названием связанной модели,{вес} максимум на полку,бір сөреге ең көбі {салмақ},NEEDS_REVIEW,ДИНАМИЧЕСКАЯ СТРОКА: значение в кг подставляется
PR-028,PRODUCT,"/, /catalog",src/lib/data/seed-data.ts,Название готовой конфигурации в каталоге,"MS Стандарт 2000×1000×300, 4 полки","MS Стандарт 2000×1000×300, 4 сөре",NEEDS_REVIEW,В seed-data уже есть kk. Размеры не переводятся
PR-029,PRODUCT,"/, /catalog",src/lib/data/seed-data.ts,Описание готовой конфигурации,"Популярная конфигурация для архива и офиса: высота 2000 мм, ширина 1000 мм, глубина 300 мм, 4 полки, нагрузка 150 кг.","Мұрағат пен кеңсеге арналған танымал конфигурация: биіктігі 2000 мм, ені 1000 мм, тереңдігі 300 мм, 4 сөре, 150 кг жүктеме.",NEEDS_REVIEW,В seed-data уже есть kk
PR-030,PRODUCT,"/, /catalog",src/lib/data/seed-data.ts,Название готовой конфигурации в каталоге,"MS Стандарт 2000×1000×400, 4 полки","MS Стандарт 2000×1000×400, 4 сөре",NEEDS_REVIEW,В seed-data уже есть kk
PR-031,PRODUCT,"/, /catalog",src/lib/data/seed-data.ts,Описание готовой конфигурации,"Популярная складская конфигурация: высота 2000 мм, ширина 1000 мм, глубина 400 мм, 4 полки, нагрузка 150 кг.","Танымал қойма конфигурациясы: биіктігі 2000 мм, ені 1000 мм, тереңдігі 400 мм, 4 сөре, 150 кг жүктеме.",NEEDS_REVIEW,В seed-data уже есть kk
PR-032,PRODUCT,"/, /catalog",src/lib/data/seed-data.ts,Название готовой конфигурации в каталоге,"MS Стандарт 2000×1000×600, 4 полки","MS Стандарт 2000×1000×600, 4 сөре",NEEDS_REVIEW,В seed-data уже есть kk
PR-033,PRODUCT,"/, /catalog",src/lib/data/seed-data.ts,Описание готовой конфигурации,"Популярная конфигурация для объёмных грузов: высота 2000 мм, ширина 1000 мм, глубина 600 мм, 4 полки, нагрузка 150 кг.","Көлемді жүктерге арналған танымал конфигурация: биіктігі 2000 мм, ені 1000 мм, тереңдігі 600 мм, 4 сөре, 150 кг жүктеме.",NEEDS_REVIEW,В seed-data уже есть kk
PR-034,PRODUCT,"/, /catalog",src/lib/data/seed-data.ts,Название готовой конфигурации в каталоге,"MS Стандарт 1800×700×300, 4 полки","MS Стандарт 1800×700×300, 4 сөре",NEEDS_REVIEW,В seed-data уже есть kk
PR-035,PRODUCT,"/, /catalog",src/lib/data/seed-data.ts,Описание готовой конфигурации,"Компактный стеллаж для гаража и кладовой: высота 1800 мм, ширина 700 мм, глубина 300 мм.","Гараж бен қойма бөлмесіне арналған ықшам стеллаж: биіктігі 1800 мм, ені 700 мм, тереңдігі 300 мм.",NEEDS_REVIEW,"В seed-data уже есть kk. Терминология 2026-09-21: стеллаж (весь стеллаж) → «стеллаж», не «сөре»"
FQ-001,FAQ,/catalog/[model],src/app/catalog/[model]/page.tsx,Заголовок секции частых вопросов,Частые вопросы,Жиі қойылатын сұрақтар,NEEDS_REVIEW,
FQ-002,FAQ,/catalog/[model],src/app/catalog/[model]/page.tsx,Вопрос 1 (также в структурированных данных FAQPage),Нужна ли сварка для сборки?,Жинау үшін дәнекерлеу қажет пе?,NEEDS_REVIEW,
FQ-003,FAQ,/catalog/[model],src/app/catalog/[model]/page.tsx,Ответ 1 (также в структурированных данных FAQPage),"Нет, все стеллажи MS собираются на болтовом соединении без сварки.","Жоқ, барлық MS стеллаждары дәнекерлеусіз, бұрандамалы қосылыспен жиналады.",NEEDS_REVIEW,"Терминология 2026-09-21: стеллаж (весь стеллаж) → «стеллаж», не «сөре»"
FQ-004,FAQ,/catalog/[model],src/app/catalog/[model]/page.tsx,Вопрос 2 (также в структурированных данных FAQPage),Можно ли заказать нестандартный размер?,Стандартты емес өлшемге тапсырыс беруге бола ма?,NEEDS_REVIEW,
FQ-005,FAQ,/catalog/[model],src/app/catalog/[model]/page.tsx,Ответ 2 (также в структурированных данных FAQPage),"Нет. Доступны только размеры, представленные в конфигураторе.",Жоқ. Тек конфигураторда көрсетілген өлшемдер қолжетімді.,NEEDS_REVIEW,ru обновлён по исходнику 2026-09-21. kk — утверждённая бизнес-формулировка (2026-09-21)
FQ-010,FAQ,/catalog/[model],src/app/catalog/[model]/page.tsx,Вопрос 3 (также в структурированных данных FAQPage),Сколько стоит доставка?,Жеткізу қанша тұрады?,NEEDS_REVIEW,НОВОЕ ПРЕДЛОЖЕНИЕ kk (2026-09-21) — требует проверки владельцем
FQ-011,FAQ,/catalog/[model],src/app/catalog/[model]/page.tsx,Ответ 3 (также в структурированных данных FAQPage),"По Алматы, Астане, Караганде и Шымкенту доставка бесплатная. В другие города и регионы Казахстана стоимость доставки рассчитывается индивидуально.","Алматы, Астана, Қарағанды және Шымкент қалаларында жеткізу тегін. Қазақстанның басқа қалалары мен өңірлеріне жеткізу құны жеке есептеледі.",NEEDS_REVIEW,НОВОЕ ПРЕДЛОЖЕНИЕ kk (2026-09-21) — требует проверки владельцем; вторая часть совпадает с утверждённой «Жеткізу құны жеке есептеледі.»
FQ-006,FAQ,/catalog/[model],src/app/catalog/[model]/page.tsx,Вопрос 4 (также в структурированных данных FAQPage),Какие сроки доставки?,Жеткізу мерзімі қандай?,NEEDS_REVIEW,ru обновлён по исходнику 2026-09-21. НОВОЕ ПРЕДЛОЖЕНИЕ kk (2026-09-21) — требует проверки владельцем
FQ-007,FAQ,/catalog/[model],src/app/catalog/[model]/page.tsx,Ответ 4 (также в структурированных данных FAQPage),"По Алматы, Астане, Караганде и Шымкенту доставляем в тот же день. В другие города и регионы Казахстана — в течение 2–3 дней.","Алматы, Астана, Қарағанды және Шымкент қалаларында сол күні жеткіземіз. Қазақстанның басқа қалалары мен өңірлеріне — 2–3 күн ішінде.",NEEDS_REVIEW,ru обновлён по исходнику 2026-09-21. НОВОЕ ПРЕДЛОЖЕНИЕ kk (2026-09-21) — требует проверки владельцем
FQ-008,FAQ,/catalog/[model],src/app/catalog/[model]/page.tsx,Вопрос 5 (также в структурированных данных FAQPage),Предоставляете ли вы документы для бухгалтерии?,Бухгалтерияға арналған құжаттар бересіз бе?,NEEDS_REVIEW,
FQ-009,FAQ,/catalog/[model],src/app/catalog/[model]/page.tsx,Ответ 5 (также в структурированных данных FAQPage),"Да, работаем с НДС и предоставляем полный пакет закрывающих документов.","Иә, ҚҚС-пен жұмыс істейміз және жабу құжаттарының толық пакетін ұсынамыз.",NEEDS_REVIEW,
CF-001,CONFIGURATOR,/configurator,src/app/configurator/page.tsx,Состояние загрузки конфигуратора (серверный fallback),Загрузка конфигуратора…,Конфигуратор жүктелуде…,NEEDS_REVIEW,
CF-002,CONFIGURATOR,/configurator,src/components/configurator/ConfiguratorClient.tsx,Заголовок H1 конфигуратора,Конфигуратор стеллажей МС Стандарт,МС Стандарт стеллаждарының конфигураторы,NEEDS_REVIEW,"В оригинале МС кириллицей, в остальных местах MS латиницей — расхождение в самом русском тексте. Терминология 2026-09-21: стеллаж (весь стеллаж) → «стеллаж», не «сөре»"
CF-003,CONFIGURATOR,/configurator,src/components/configurator/ConfiguratorClient.tsx,aria-label переключателя режима просмотра,Режим просмотра,Көру режимі,NEEDS_REVIEW,
CF-004,CONFIGURATOR,/configurator,src/components/configurator/ConfiguratorClient.tsx,Кнопка режима просмотра (фронтальный вид),Вид спереди,Алдынан қарағандағы көрініс,NEEDS_REVIEW,
CF-005,CONFIGURATOR,/configurator,src/components/configurator/ConfiguratorClient.tsx,Кнопка режима просмотра (вид сверху),Вид сверху,Үстінен қарағандағы көрініс,NEEDS_REVIEW,
CF-006,CONFIGURATOR,"/configurator, /cart, /",src/components/configurator/ShelvingPreview.tsx,aria-label SVG-схемы стеллажа (фронтальный вид),Схема стеллажа спереди,Стеллаждың алдынан қарағандағы көрінісінің сызбасы,NEEDS_REVIEW,"Терминология 2026-09-21: стеллаж (весь стеллаж) → «стеллаж», не «сөре»"
CF-007,CONFIGURATOR,/configurator,src/components/configurator/TopShelvingPreview.tsx,aria-label SVG-схемы стеллажа (вид сверху),Схема стеллажа сверху,Стеллаждың үстінен қарағандағы көрінісінің сызбасы,NEEDS_REVIEW,"Терминология 2026-09-21: стеллаж (весь стеллаж) → «стеллаж», не «сөре»"
CF-008,CONFIGURATOR,/configurator,src/components/configurator/ShelvingPreview.tsx; src/components/configurator/TopShelvingPreview.tsx,aria-label кликабельной области секции на схеме,"Секция {N}, ширина {W} мм","{N}-секция, ені {W} мм",NEEDS_REVIEW,ДИНАМИЧЕСКАЯ СТРОКА: номер секции и ширина
CF-009,CONFIGURATOR,/configurator,src/components/configurator/ShelvingPreview.tsx,aria-label ручки изменения высоты,Изменить высоту стеллажа. Текущая высота: {H} миллиметров.,Стеллаждың биіктігін өзгерту. Ағымдағы биіктігі: {H} миллиметр.,NEEDS_REVIEW,"ДИНАМИЧЕСКАЯ СТРОКА. Терминология 2026-09-21: стеллаж (весь стеллаж) → «стеллаж», не «сөре»"
CF-010,CONFIGURATOR,/configurator,src/components/configurator/ShelvingPreview.tsx,aria-label ручки изменения ширины активной секции,Изменить ширину активной секции. Текущая ширина: {W} миллиметров.,Белсенді секцияның енін өзгерту. Ағымдағы ені: {W} миллиметр.,NEEDS_REVIEW,ДИНАМИЧЕСКАЯ СТРОКА
CF-011,CONFIGURATOR,/configurator,src/components/configurator/resize/ResizeHandle.tsx,aria-valuetext ручки изменения размера,{V} мм,{V} мм,NEEDS_REVIEW,ДИНАМИЧЕСКАЯ СТРОКА
CF-012,CONFIGURATOR,/configurator,src/components/configurator/resize/useDimensionDrag.ts,Сообщение для скринридера после изменения размера (aria-live),Высота изменена на {V} миллиметров,Биіктігі {V} миллиметрге өзгертілді,NEEDS_REVIEW,ДИНАМИЧЕСКАЯ СТРОКА: название оси и значение подставляются отдельно
CF-013,CONFIGURATOR,/configurator,src/components/configurator/resize/useDimensionDrag.ts,Сообщение для скринридера после изменения размера (aria-live),Ширина изменена на {V} миллиметров,Ені {V} миллиметрге өзгертілді,NEEDS_REVIEW,ДИНАМИЧЕСКАЯ СТРОКА
CF-014,CONFIGURATOR,/configurator,src/components/configurator/resize/useDimensionDrag.ts,Сообщение для скринридера после изменения размера (aria-live),Глубина изменена на {V} миллиметров,Тереңдігі {V} миллиметрге өзгертілді,NEEDS_REVIEW,ДИНАМИЧЕСКАЯ СТРОКА
CF-015,CONFIGURATOR,/configurator,src/components/configurator/ShelvingPreview.tsx,title кнопки добавления секции на схеме,Добавить секцию после «Секция {N}»,«{N}-секциядан» кейін секция қосу,NEEDS_REVIEW,ДИНАМИЧЕСКАЯ СТРОКА
CF-016,CONFIGURATOR,/configurator,src/components/configurator/ShelvingPreview.tsx,aria-label кнопки добавления секции на схеме,Добавить секцию после секции {N},{N}-секциядан кейін секция қосу,NEEDS_REVIEW,ДИНАМИЧЕСКАЯ СТРОКА
CF-017,CONFIGURATOR,/configurator,src/components/configurator/ShelvingPreview.tsx,title кнопки удаления секции на схеме,Удалить «Секция {N}»,«{N}-секцияны» жою,NEEDS_REVIEW,ДИНАМИЧЕСКАЯ СТРОКА
CF-018,CONFIGURATOR,/configurator,src/components/configurator/ShelvingPreview.tsx,aria-label кнопки удаления секции на схеме,Удалить секцию {N},{N}-секцияны жою,NEEDS_REVIEW,ДИНАМИЧЕСКАЯ СТРОКА
CF-019,CONFIGURATOR,/configurator,src/components/configurator/ShelvingPreview.tsx,aria-label кнопки увеличения числа полок на схеме,Увеличить количество полок,Сөрелер санын көбейту,NEEDS_REVIEW,
CF-020,CONFIGURATOR,/configurator,src/components/configurator/ShelvingPreview.tsx,aria-label кнопки уменьшения числа полок на схеме,Уменьшить количество полок,Сөрелер санын азайту,NEEDS_REVIEW,
CF-021,CONFIGURATOR,/configurator,src/components/configurator/ShelvingPreview.tsx,Подсказка-нудж при первом открытии конфигуратора,"Нажмите на секцию, чтобы выбрать её, или перетащите точки изменения размера.",Секцияны таңдау үшін басыңыз немесе өлшемді өзгерту нүктелерін сүйреңіз.,NEEDS_REVIEW,ru обновлён по исходнику 2026-09-21. kk — утверждённая бизнес-формулировка (2026-09-21)
CF-022,CONFIGURATOR,/configurator,src/components/configurator/ShelvingPreview.tsx,Текстовое действие сброса настроек в правом верхнем углу схемы,Сброс настроек,Баптауларды бастапқы қалпына келтіру,NEEDS_REVIEW,
CF-023,CONFIGURATOR,/configurator,src/components/configurator/TopShelvingPreview.tsx,Подпись общей длины ряда на виде сверху,{N} мм,{N} мм,NEEDS_REVIEW,ДИНАМИЧЕСКАЯ СТРОКА
CF-024,CONFIGURATOR,/configurator,src/components/configurator/ParametersSectionsTable.tsx,Заголовок колонки параметров ряда,Параметры ряда,Қатар параметрлері,NEEDS_REVIEW,
CF-025,CONFIGURATOR,/configurator,src/components/configurator/ParametersSectionsTable.tsx,Заголовок колонки секции (кнопка выбора секции),Секция {N},{N}-секция,NEEDS_REVIEW,ДИНАМИЧЕСКАЯ СТРОКА
CF-026,CONFIGURATOR,/configurator,src/components/configurator/ParametersSectionsTable.tsx,aria-label и title кнопки удаления секции в таблице,Удалить секцию,Секцияны жою,NEEDS_REVIEW,
CF-027,CONFIGURATOR,/configurator,src/components/configurator/ParametersSectionsTable.tsx,aria-label и title кнопки добавления секции в таблице,Добавить секцию,Секция қосу,NEEDS_REVIEW,
CF-028,CONFIGURATOR,/configurator,src/components/configurator/ParametersSectionsTable.tsx,Текст кнопки добавления секции на мобильных,+ Секция,+ Секция,NEEDS_REVIEW,
CF-029,CONFIGURATOR,/configurator,src/components/configurator/ParametersSectionsTable.tsx,Сообщение при достижении максимума секций,Достигнуто максимальное количество секций.,Секциялардың максималды санына жетті.,NEEDS_REVIEW,
CF-030,CONFIGURATOR,/configurator,src/components/configurator/ParametersSectionsTable.tsx,Подпись селекта высоты ряда,Высота,Биіктігі,NEEDS_REVIEW,"Тот же текст, что и характеристика на главной (HM-025), но здесь это подпись поля ввода"
CF-031,CONFIGURATOR,/configurator,src/components/configurator/ParametersSectionsTable.tsx,Подпись селекта глубины ряда,Глубина,Тереңдігі,NEEDS_REVIEW,Подпись поля ввода
CF-032,CONFIGURATOR,/configurator,src/components/configurator/ParametersSectionsTable.tsx,Подпись счётчика числа полок,Полки,Сөрелер,NEEDS_REVIEW,Подпись поля ввода
CF-033,CONFIGURATOR,/configurator,src/components/configurator/ParametersSectionsTable.tsx,Подпись селекта нагрузки,Нагрузка,Жүктеме,NEEDS_REVIEW,Подпись поля ввода
CF-034,CONFIGURATOR,/configurator,src/components/configurator/ParametersSectionsTable.tsx,Пометка недоступного варианта нагрузки в выпадающем списке,(недоступно),(қолжетімсіз),NEEDS_REVIEW,
CF-035,CONFIGURATOR,/configurator,src/components/configurator/ParametersSectionsTable.tsx,Подпись селекта ширины секции,Ширина,Ені,NEEDS_REVIEW,Подпись поля ввода
CF-036,CONFIGURATOR,/configurator,src/components/configurator/ParametersSectionsTable.tsx,aria-label селекта ширины конкретной секции,Ширина секции {N},{N}-секцияның ені,NEEDS_REVIEW,ДИНАМИЧЕСКАЯ СТРОКА
CF-037,CONFIGURATOR,/configurator,src/components/configurator/ParametersSectionsTable.tsx,Чекбокс задней стенки секции,Задняя,Артқы,NEEDS_REVIEW,
CF-038,CONFIGURATOR,/configurator,src/components/configurator/ParametersSectionsTable.tsx,Чекбокс левой стенки секции,Левая,Сол жақ,NEEDS_REVIEW,
CF-039,CONFIGURATOR,/configurator,src/components/configurator/ParametersSectionsTable.tsx,Чекбокс правой стенки секции,Правая,Оң жақ,NEEDS_REVIEW,
CF-040,CONFIGURATOR,/configurator,src/components/configurator/NumberStepper.tsx,aria-label кнопки минус в счётчике,Уменьшить,Азайту,NEEDS_REVIEW,
CF-041,CONFIGURATOR,/configurator,src/components/configurator/NumberStepper.tsx,aria-label кнопки плюс в счётчике,Увеличить,Көбейту,NEEDS_REVIEW,
CF-042,CONFIGURATOR,/configurator,src/components/configurator/AdvancedSettingsAccordion.tsx,Заголовок сворачиваемого блока дополнительных параметров,Дополнительные параметры,Қосымша параметрлер,NEEDS_REVIEW,
CF-043,CONFIGURATOR,/configurator,src/components/configurator/AdvancedSettingsAccordion.tsx,Чекбокс дополнительного параметра,Регулируемая по высоте опора,Биіктігі реттелетін тірек,NEEDS_REVIEW,
CF-044,CONFIGURATOR,/configurator,src/components/configurator/AdvancedSettingsAccordion.tsx,Примечание к чекбоксу регулируемой опоры,+ металлический подпятник,+ металл өкшетірек,NEEDS_REVIEW,
CF-045,CONFIGURATOR,/configurator,src/lib/configurator/additional-options.ts,Чекбокс дополнительного параметра (также в сообщении WhatsApp),Металлический подпятник,Металл өкшетірек,NEEDS_REVIEW,
CF-046,CONFIGURATOR,/configurator,src/lib/configurator/additional-options.ts,Чекбокс дополнительного параметра (также в сообщении WhatsApp),Уголки жесткости на полки,Сөрелерге арналған қатайтқыш бұрыштар,NEEDS_REVIEW,
CF-047,CONFIGURATOR,/configurator,src/components/configurator/AdvancedSettingsAccordion.tsx,Чекбокс дополнительного параметра,Ребро жесткости в каждую полку,Әр сөреге қатты қыр,NEEDS_REVIEW,
CF-048,CONFIGURATOR,/configurator,src/components/configurator/AdvancedSettingsAccordion.tsx,Чекбокс дополнительного параметра,Крестовина жесткости,Қатайтқыш айқыш,NEEDS_REVIEW,
CF-049,CONFIGURATOR,/configurator,src/components/configurator/AdvancedSettingsAccordion.tsx,Примечание к чекбоксу крестовины жёсткости,Только для секции шириной 1000 мм,Тек ені 1000 мм секция үшін,NEEDS_REVIEW,
CF-050,CONFIGURATOR,/configurator,src/components/configurator/InstallDeliveryPanel.tsx,Подпись селекта услуги сборки,Сборка,Жинау,NEEDS_REVIEW,
CF-051,CONFIGURATOR,/configurator,src/components/configurator/InstallDeliveryPanel.tsx,Подпись селекта способа доставки,Доставка,Жеткізу,NEEDS_REVIEW,"Подпись поля ввода; совпадает с пунктом футера F-005 по тексту, но другой контекст"
CF-052,CONFIGURATOR,/configurator,src/components/configurator/InstallDeliveryPanel.tsx,Примечание под селектами сборки и доставки,"Доставка по Алматы, Астане, Караганде и Шымкенту — бесплатно, в тот же день. Доставка в другие города и регионы Казахстана — 2–3 дня. Стоимость доставки рассчитывается индивидуально.","Алматы, Астана, Қарағанды және Шымкент қалаларында жеткізу — тегін, сол күні. Қазақстанның басқа қалалары мен өңірлеріне жеткізу — 2–3 күн. Жеткізу құны жеке есептеледі.",NEEDS_REVIEW,
CF-053,CONFIGURATOR,/configurator,src/components/configurator/BomTable.tsx,Заголовок списка состава комплекта,Состав комплекта,Жинақ құрамы,NEEDS_REVIEW,
CF-054,CONFIGURATOR,/configurator,src/components/configurator/BomTable.tsx,Количество позиции в составе комплекта,{N} шт.,{N} дана,NEEDS_REVIEW,ДИНАМИЧЕСКАЯ СТРОКА
CF-055,CONFIGURATOR,/configurator,src/components/configurator/BomTable.tsx,Кнопка сворачивания полного состава комплекта,Свернуть ▴,Жию ▴,NEEDS_REVIEW,Символ стрелки синхронизирован с исходником (↑ → ▴) 2026-09-21; казахское слово не менялось
CF-056,CONFIGURATOR,/configurator,src/components/configurator/BomTable.tsx,Кнопка раскрытия полного состава комплекта,Показать весь состав ({N}) ▾,Толық құрамды көрсету ({N}) ▾,NEEDS_REVIEW,ДИНАМИЧЕСКАЯ СТРОКА. Символ стрелки синхронизирован с исходником (↓ → ▾) 2026-09-21; казахский текст не менялся
CF-057,CONFIGURATOR,/configurator,src/components/configurator/OrderSummaryBar.tsx,Кнопка раскрытия детализации стоимости в нижней панели,Детали стоимости,Құнның егжей-тегжейі,NEEDS_REVIEW,
CF-058,CONFIGURATOR,/configurator,src/components/configurator/OrderSummaryBar.tsx,Строка детализации: стоимость комплектующих,Комплектующие,Жинақтауыштар,NEEDS_REVIEW,
CF-059,CONFIGURATOR,/configurator,src/components/configurator/OrderSummaryBar.tsx,Строка детализации при количестве больше одного,Полки × {N} компл.,Сөрелер × {N} жинақ,NEEDS_REVIEW,ДИНАМИЧЕСКАЯ СТРОКА
CF-060,CONFIGURATOR,/configurator,src/components/configurator/OrderSummaryBar.tsx,Строка детализации: стоимость сборки,Сборка,Жинау,NEEDS_REVIEW,"Совпадает с CF-050 по тексту, но здесь это строка суммы, а не подпись селекта"
CF-061,CONFIGURATOR,/configurator,src/components/configurator/OrderSummaryBar.tsx,Строка детализации: стоимость доставки,Доставка,Жеткізу,NEEDS_REVIEW,"Строка суммы, не подпись селекта"
CF-062,CONFIGURATOR,/configurator,src/components/configurator/OrderSummaryBar.tsx,Строка детализации: скидка,Скидка,Жеңілдік,NEEDS_REVIEW,
CF-064,CONFIGURATOR,"/configurator, /order",src/components/configurator/OrderSummaryBar.tsx; src/components/order/OrderForm.tsx,Подпись итоговой суммы,Итого,Жиыны,NEEDS_REVIEW,
CF-065,CONFIGURATOR,/configurator,src/components/configurator/OrderSummaryBar.tsx,Кнопка повторного запроса цены после ошибки расчёта,Повторить,Қайталау,NEEDS_REVIEW,
CF-066,CONFIGURATOR,/configurator,src/components/configurator/OrderSummaryBar.tsx,Кнопка добавления конфигурации в корзину,Добавить в корзину,Себетке қосу,NEEDS_REVIEW,
CF-067,CONFIGURATOR,"/configurator, /cart",src/components/configurator/OrderSummaryBar.tsx; src/components/cart/CartClient.tsx,Кнопка перехода к оформлению заказа,Оформить заказ,Тапсырыс беру,NEEDS_REVIEW,
CF-068,CONFIGURATOR,/configurator,src/components/configurator/OrderSummaryBar.tsx,aria-label кнопки поделиться конфигурацией,Поделиться конфигурацией,Конфигурациямен бөлісу,NEEDS_REVIEW,
CF-069,CONFIGURATOR,/configurator,src/components/configurator/OrderSummaryBar.tsx,Подтверждение после добавления в корзину,Добавлено в корзину,Себетке қосылды,NEEDS_REVIEW,
CF-070,CONFIGURATOR,/configurator,src/components/configurator/OrderSummaryBar.tsx,Подтверждение после копирования ссылки на конфигурацию,Ссылка скопирована,Сілтеме көшірілді,NEEDS_REVIEW,
CF-071,CONFIGURATOR,/configurator,src/components/configurator/OrderSummaryBar.tsx,Состояние загрузки при пересчёте цены,Пересчёт стоимости…,Құны қайта есептелуде…,NEEDS_REVIEW,
CF-072,CONFIGURATOR,/configurator,src/components/configurator/OrderSummaryBar.tsx,Заголовок системного диалога Поделиться (navigator.share),Конфигурация {модель},{Модель} конфигурациясы,NEEDS_REVIEW,ДИНАМИЧЕСКАЯ СТРОКА
CF-073,CONFIGURATOR,/configurator,src/lib/data/seed-data.ts,Вариант высоты/ширины/глубины в выпадающих списках конфигуратора,{N} мм,{N} мм,NEEDS_REVIEW,ДИНАМИЧЕСКАЯ СТРОКА: label формируется из числового значения
CF-074,CONFIGURATOR,/configurator,src/lib/data/seed-data.ts,Вариант нагрузки в выпадающем списке,100 кг на полку,Сөреге 100 кг,NEEDS_REVIEW,
CF-075,CONFIGURATOR,/configurator,src/lib/data/seed-data.ts,Вариант нагрузки в выпадающем списке,150 кг на полку,Сөреге 150 кг,NEEDS_REVIEW,
CF-076,CONFIGURATOR,/configurator,src/lib/data/seed-data.ts,Вариант услуги сборки в выпадающем списке,Самостоятельная сборка,Өз бетінше құрастыру,NEEDS_REVIEW,В seed-data уже есть kk
CF-077,CONFIGURATOR,/configurator,src/lib/data/seed-data.ts,Описание варианта сборки под выпадающим списком,Стеллаж поставляется в разобранном виде с инструкцией,Стеллаж нұсқаулықпен бірге бөлшектелген түрде жеткізіледі,NEEDS_REVIEW,"В seed-data уже есть kk. Терминология 2026-09-21: стеллаж (весь стеллаж) → «стеллаж», не «сөре»"
CF-078,CONFIGURATOR,"/configurator, /delivery",src/lib/data/seed-data.ts,Вариант услуги сборки,Профессиональная сборка,Кәсіби құрастыру,NEEDS_REVIEW,В seed-data уже есть kk
CF-079,CONFIGURATOR,"/configurator, /delivery",src/lib/data/seed-data.ts,Описание варианта сборки,Сборка бригадой на вашем объекте,Нысаныңызда бригадамен құрастыру,NEEDS_REVIEW,В seed-data уже есть kk
CF-080,CONFIGURATOR,"/configurator, /delivery",src/lib/data/seed-data.ts,Вариант услуги сборки,Сборка и монтаж «под ключ»,«Толық аяқталған» форматында құрастыру және монтаждау,NEEDS_REVIEW,В seed-data уже есть kk
CF-081,CONFIGURATOR,"/configurator, /delivery",src/lib/data/seed-data.ts,Описание варианта сборки,"Сборка, крепление к стене/полу и уборка упаковки","Құрастыру, қабырғаға/еденге бекіту және қаптаманы жинап әкету",NEEDS_REVIEW,В seed-data уже есть kk
CF-082,CONFIGURATOR,"/configurator, /delivery",src/lib/data/seed-data.ts,Вариант сборки и вариант доставки с индивидуальным расчётом,Индивидуальный расчёт,Жеке есептеу,NEEDS_REVIEW,Одинаковый текст в двух справочниках (сборка и доставка) с одинаковым смыслом
CF-083,CONFIGURATOR,"/configurator, /delivery",src/lib/data/seed-data.ts,Описание варианта сборки с индивидуальным расчётом,Для больших объёмов работ и сложных объектов,Үлкен жұмыс көлемдері мен күрделі нысандарға,NEEDS_REVIEW,ru обновлён по исходнику 2026-09-21. kk — из seed-data (src/lib/data/seed-data.ts)
CF-084,CONFIGURATOR,"/configurator, /delivery",src/lib/data/seed-data.ts,Способ доставки в выпадающем списке,Самовывоз со склада,Қоймадан алып кету,NEEDS_REVIEW,В seed-data уже есть kk
CF-085,CONFIGURATOR,"/configurator, /delivery",src/lib/data/seed-data.ts,Описание способа доставки,"Бесплатно, склады в Алматы, Астане, Караганде и Шымкенте","Тегін, Алматы, Астана, Қарағанды және Шымкент қалаларындағы қоймалардан",NEEDS_REVIEW,В seed-data уже есть kk
CF-086,CONFIGURATOR,"/configurator, /delivery",src/lib/data/seed-data.ts,Способ доставки в выпадающем списке,Доставка по городу,Қала ішінде жеткізу,NEEDS_REVIEW,В seed-data уже есть kk
CF-087,CONFIGURATOR,"/configurator, /delivery",src/lib/data/seed-data.ts,Описание способа доставки,"Доставка по Алматы, Астане, Караганде и Шымкенту — бесплатно, в тот же день.","Алматы, Астана, Қарағанды және Шымкент қалаларында жеткізу — тегін, сол күні.",NEEDS_REVIEW,ru обновлён по исходнику 2026-09-21. kk — утверждённая бизнес-формулировка (2026-09-21); совпадает с seed-data
CF-088,CONFIGURATOR,"/configurator, /delivery",src/lib/data/seed-data.ts,Способ доставки в выпадающем списке,Доставка по Казахстану,Қазақстан бойынша жеткізу,NEEDS_REVIEW,В seed-data уже есть kk
CF-089,CONFIGURATOR,"/configurator, /delivery",src/lib/data/seed-data.ts,Описание способа доставки,Доставка в другие города и регионы Казахстана — 2–3 дня. Стоимость доставки рассчитывается индивидуально.,Қазақстанның басқа қалалары мен өңірлеріне жеткізу — 2–3 күн. Жеткізу құны жеке есептеледі.,NEEDS_REVIEW,Совпадает с seed-data (ru и kk)
CF-090,CONFIGURATOR,"/configurator, /delivery",src/lib/data/seed-data.ts,Способ доставки в выпадающем списке,Передача транспортной компании,Көлік компаниясына тапсыру,NEEDS_REVIEW,В seed-data уже есть kk
CF-091,CONFIGURATOR,"/configurator, /delivery",src/lib/data/seed-data.ts,Описание способа доставки,Отгрузка на терминал транспортной компании по вашему выбору,Сіз таңдаған көлік компаниясының терминалына жеткізу,NEEDS_REVIEW,В seed-data уже есть kk
CF-092,CONFIGURATOR,"/configurator, /delivery",src/lib/data/seed-data.ts,Описание варианта доставки с индивидуальным расчётом,Для крупных заказов и особых условий доставки,Ірі тапсырыстарға және ерекше жеткізу жағдайларына,NEEDS_REVIEW,ru обновлён по исходнику 2026-09-21. kk — из seed-data (src/lib/data/seed-data.ts)
CF-093,CONFIGURATOR,/configurator,src/lib/data/seed-data.ts,Позиция состава комплекта (стойка),Стойка {H} мм,Тірек {H} мм,NEEDS_REVIEW,ДИНАМИЧЕСКАЯ СТРОКА: имя компонента формируется из высоты. В seed-data уже есть kk-шаблон
CF-094,CONFIGURATOR,/configurator,src/lib/data/seed-data.ts,Позиция состава комплекта (полка),Полка Стандартная {W}×{D},Стандартты сөре {W}×{D},NEEDS_REVIEW,ДИНАМИЧЕСКАЯ СТРОКА. В seed-data уже есть kk-шаблон
CF-095,CONFIGURATOR,/configurator,src/lib/data/seed-data.ts,Позиция состава комплекта (задняя стенка),Задняя стенка сплошная {W} мм,Артқы қабырға тұтас {W} мм,NEEDS_REVIEW,ДИНАМИЧЕСКАЯ СТРОКА. В seed-data уже есть kk-шаблон
CF-096,CONFIGURATOR,/configurator,src/lib/data/seed-data.ts,Позиция состава комплекта (боковая стенка),Боковая стенка сплошная {D} мм,Бүйір қабырға тұтас {D} мм,NEEDS_REVIEW,ДИНАМИЧЕСКАЯ СТРОКА. В seed-data уже есть kk-шаблон
CF-097,CONFIGURATOR,/configurator,src/lib/data/seed-data.ts,Позиция состава комплекта (крепёж),Комплект крепежа (болт + гайка),Бекітпе жинағы (бұранда + сомын),NEEDS_REVIEW,В seed-data уже есть kk
CF-098,CONFIGURATOR,/configurator,src/lib/data/seed-data.ts,Позиция состава комплекта (опора),Опора пластиковая,Пластик тірек,NEEDS_REVIEW,В seed-data уже есть kk
CF-099,CONFIGURATOR,/configurator,src/lib/data/seed-data.ts,"Название аксессуара, выбираемого в конфигураторе",Регулируемые опоры,Реттелетін тіректер,NEEDS_REVIEW,В seed-data уже есть kk
CF-100,CONFIGURATOR,/configurator,src/lib/data/seed-data.ts,"Название аксессуара, выбираемого в конфигураторе",Усиление полки,Сөрені күшейту,NEEDS_REVIEW,В seed-data уже есть kk
CF-101,CONFIGURATOR,/configurator,src/lib/data/seed-data.ts,"Название аксессуара, выбираемого в конфигураторе",Крестовина жёсткости,Қатайтқыш айқыш,NEEDS_REVIEW,"В seed-data уже есть kk. Обратите внимание: UI-подпись CF-048 пишется без ё (жесткости), а каталог — с ё"
CF-102,CONFIGURATOR,/configurator,src/lib/data/seed-data.ts,"Позиция состава комплекта (задний раскос), появляется при включённой задней стенке",Раскос задний {H} мм,Артқы диагональ {H} мм,NEEDS_REVIEW,"ДИНАМИЧЕСКАЯ СТРОКА. В отличие от балок и стяжек, эта позиция НЕ сворачивается в публичном составе комплекта и видна клиенту. В seed-data уже есть kk-шаблон"
CF-103,CONFIGURATOR,/configurator,src/components/configurator/ParametersSectionsTable.tsx; src/components/configurator/OrderSummaryBar.tsx,"Предупреждение: в сохранённой или открытой по ссылке конфигурации больше секций, чем допустимо (заказ заблокирован до удаления лишних)",В одном стеллаже не более {N} секций. Удалите лишние секции.,Бір стеллажда ең көбі {N} секция болуы мүмкін. Артық секцияларды жойыңыз.,NEEDS_REVIEW,"ДИНАМИЧЕСКАЯ СТРОКА; {N} = 5. kk — утверждённая владельцем формулировка (2026-09-24)"
WA-001,CONFIGURATOR,"(WhatsApp, шапка/футер/плавающая кнопка)",src/lib/whatsapp.ts,"Предзаполненный текст сообщения при обращении из шапки, футера или плавающей кнопки",Здравствуйте! Хочу узнать подробнее о металлических стеллажах.,Сәлеметсіз бе ?! Металл стеллаждар туралы толығырақ білгім келеді.,NEEDS_REVIEW,
WA-002,PRODUCT,(WhatsApp со страницы модели),src/lib/whatsapp.ts,Предзаполненный текст сообщения со страницы модели,Здравствуйте! Интересует стеллаж «{модель}». Ссылка: {url},Сәлеметсіз бе ?! «{модель}» стеллажы туралы білгім келеді. Сілтеме: {url},NEEDS_REVIEW,ДИНАМИЧЕСКАЯ СТРОКА
WA-003,CONFIGURATOR,(WhatsApp из конфигуратора),src/lib/whatsapp.ts,Первая строка сообщения с конфигурацией,Здравствуйте! Хочу заказать стеллаж.,Сәлеметсіз бе ?! Стеллажға тапсырыс бергім келеді.,NEEDS_REVIEW,
WA-004,CONFIGURATOR,(WhatsApp из конфигуратора),src/lib/whatsapp.ts,Заголовок блока конфигурации в сообщении,Конфигурация:,Конфигурация:,NEEDS_REVIEW,
WA-005,CONFIGURATOR,(WhatsApp из конфигуратора),src/lib/whatsapp.ts,Строка сообщения с высотой,Высота: {H} мм,Биіктігі: {H} мм,NEEDS_REVIEW,ДИНАМИЧЕСКАЯ СТРОКА
WA-006,CONFIGURATOR,(WhatsApp из конфигуратора),src/lib/whatsapp.ts,Строка сообщения с глубиной,Глубина: {D} мм,Тереңдігі: {D} мм,NEEDS_REVIEW,ДИНАМИЧЕСКАЯ СТРОКА
WA-007,CONFIGURATOR,(WhatsApp из конфигуратора),src/lib/whatsapp.ts,Строка сообщения с числом секций,Секций: {N},Секция саны: {N},NEEDS_REVIEW,ДИНАМИЧЕСКАЯ СТРОКА
WA-008,CONFIGURATOR,(WhatsApp из конфигуратора),src/lib/whatsapp.ts,Строка сообщения с шириной секций,Ширина секций: {W} мм,Секциялардың ені: {W} мм,NEEDS_REVIEW,ДИНАМИЧЕСКАЯ СТРОКА
WA-009,CONFIGURATOR,(WhatsApp из конфигуратора),src/lib/whatsapp.ts,Строка сообщения с числом полок,Полок: {N},Сөре саны: {N},NEEDS_REVIEW,ДИНАМИЧЕСКАЯ СТРОКА
WA-010,CONFIGURATOR,(WhatsApp из конфигуратора),src/lib/whatsapp.ts,Строка сообщения с нагрузкой,Нагрузка: {N} кг/полку,Жүктеме: сөреге {N} кг,NEEDS_REVIEW,ДИНАМИЧЕСКАЯ СТРОКА
WA-011,CONFIGURATOR,(WhatsApp из конфигуратора),src/lib/whatsapp.ts,Строка сообщения со стенками секции,Секция {N}: {перечень} стенка,{N}-секция: {тізім} қабырға,NEEDS_REVIEW,"ДИНАМИЧЕСКАЯ СТРОКА, собирается из отдельных слов — см. WA-012…WA-014"
WA-012,CONFIGURATOR,(WhatsApp из конфигуратора),src/lib/whatsapp.ts,Слово в перечне стенок секции,задняя,артқы,NEEDS_REVIEW,Собирается в строку через + вместе с WA-013/WA-014
WA-013,CONFIGURATOR,(WhatsApp из конфигуратора),src/lib/whatsapp.ts,Слово в перечне стенок секции,левая,сол жақ,NEEDS_REVIEW,
WA-014,CONFIGURATOR,(WhatsApp из конфигуратора),src/lib/whatsapp.ts,Слово в перечне стенок секции,правая,оң жақ,NEEDS_REVIEW,
WA-015,CONFIGURATOR,(WhatsApp из конфигуратора),src/lib/whatsapp.ts,Описание секции без стенок в сообщении,без стенок,қабырғасыз,NEEDS_REVIEW,
WA-016,CONFIGURATOR,(WhatsApp из конфигуратора),src/lib/whatsapp.ts,Заголовок блока выбранных дополнительных параметров в сообщении,Дополнительные параметры:,Қосымша параметрлер:,NEEDS_REVIEW,
WA-017,CONFIGURATOR,(WhatsApp из конфигуратора),src/lib/whatsapp.ts,Строка итоговой суммы в сообщении,Итого: {сумма},Жиыны: {сома},NEEDS_REVIEW,ДИНАМИЧЕСКАЯ СТРОКА
WA-018,CONFIGURATOR,(WhatsApp из конфигуратора),src/lib/whatsapp.ts,Подпись к ссылке на конфигурацию в сообщении,Ссылка на конфигурацию:,Конфигурацияға сілтеме:,NEEDS_REVIEW,
WA-019,ORDER_SUCCESS,(WhatsApp со страницы успешного заказа),src/lib/whatsapp.ts,Приветствие в сообщении о заказе,Здравствуйте!,Сәлеметсіз бе ?!,NEEDS_REVIEW,
WA-020,ORDER_SUCCESS,(WhatsApp со страницы успешного заказа),src/lib/whatsapp.ts,Строка сообщения с номером заказа,Я оформил заказ №{номер} на сайте.,Мен сайтта №{номер} тапсырысты рәсімдедім.,NEEDS_REVIEW,ДИНАМИЧЕСКАЯ СТРОКА
WA-021,ORDER_SUCCESS,(WhatsApp со страницы успешного заказа),src/lib/whatsapp.ts,Строка сообщения с суммой заказа,Сумма заказа: {сумма},Тапсырыс сомасы: {сома},NEEDS_REVIEW,ДИНАМИЧЕСКАЯ СТРОКА
WA-022,ORDER_SUCCESS,(WhatsApp со страницы успешного заказа),src/lib/whatsapp.ts,Заключительная строка сообщения о заказе,Хочу уточнить детали заказа.,Тапсырыс бойынша егжей-тегжейін нақтылағым келеді.,NEEDS_REVIEW,
CR-001,CART,/cart,src/app/cart/page.tsx,Заголовок H1 страницы корзины,Корзина,Себет,NEEDS_REVIEW,"Тот же текст, что aria-label иконки в шапке (H-007), но здесь это заголовок страницы"
CR-002,CART,/cart,src/components/cart/CartClient.tsx,Пустое состояние корзины,Ваша корзина пуста,Себетіңіз бос,NEEDS_REVIEW,
CR-003,CART,"/cart, /order",src/components/cart/CartClient.tsx; src/components/order/OrderForm.tsx,Кнопка из пустой корзины и пустого оформления заказа,Открыть конфигуратор,Конфигураторды ашу,NEEDS_REVIEW,"Тот же текст, что кнопка на главной (HM-004), контекст одинаковый"
CR-004,CART,/cart,src/components/cart/CartClient.tsx,Подпись суммы в боковой панели корзины,Итого по корзине,Себет бойынша жиыны,NEEDS_REVIEW,
CR-005,CART,/cart,src/components/cart/CartClient.tsx,Вторичная кнопка в боковой панели корзины,Добавить ещё стеллаж,Тағы бір стеллаж қосу,NEEDS_REVIEW,"Терминология 2026-09-21: стеллаж (весь стеллаж) → «стеллаж», не «сөре»"
CR-006,CART,/cart,src/components/cart/CartClient.tsx,"Метка вместо цены, когда расчёт позиции завершился ошибкой",Ошибка,Қате,NEEDS_REVIEW,
CR-007,CART,/cart,src/components/cart/CartClient.tsx,Метка вместо цены во время пересчёта позиции,Пересчёт…,Қайта есептелуде…,NEEDS_REVIEW,
CR-008,CART,/cart,src/components/cart/CartClient.tsx,Дополнение к сообщению об ошибке расчёта позиции,Измените или удалите эту позицию.,Осы позицияны өзгертіңіз немесе жойыңыз.,NEEDS_REVIEW,Выводится сразу после текста ошибки от сервера
CR-009,CART,/cart,src/components/cart/CartClient.tsx,Число секций в характеристиках позиции корзины,{N} секц.,{N} секция,NEEDS_REVIEW,ДИНАМИЧЕСКАЯ СТРОКА
CR-010,CART,/cart,src/components/cart/CartClient.tsx,Подпись поля количества в позиции корзины,Кол-во:,Саны:,NEEDS_REVIEW,
CR-011,CART,/cart,src/components/cart/CartClient.tsx,Ссылка редактирования позиции корзины,Изменить,Өзгерту,NEEDS_REVIEW,
CR-012,CART,/cart,src/components/cart/CartClient.tsx,Кнопка дублирования позиции корзины,Дублировать,Көшірмесін жасау,NEEDS_REVIEW,
CR-013,CART,/cart,src/components/cart/CartClient.tsx,Кнопка удаления позиции корзины,Удалить,Жою,NEEDS_REVIEW,
CR-014,CART,/cart,src/components/cart/CartClient.tsx,Цена за штуку под позицией корзины,{цена} / шт.,{баға} / дана,NEEDS_REVIEW,ДИНАМИЧЕСКАЯ СТРОКА
CR-015,CART,/cart,src/components/cart/CartClient.tsx,Уведомление об автоматическом обновлении конфигураций в корзине,Конфигурация в корзине была обновлена: {перечень}.,Себеттегі конфигурация жаңартылды: {тізім}.,NEEDS_REVIEW,ДИНАМИЧЕСКАЯ СТРОКА: собирается из фраз CR-016 и CR-017
CR-016,CART,/cart,src/components/cart/CartClient.tsx,Часть уведомления об обновлении корзины,из «{модель}» удалён более недоступный аксессуар,«{модель}» ішінен қолжетімсіз аксессуар жойылды,NEEDS_REVIEW,"ДИНАМИЧЕСКАЯ СТРОКА, вставляется в середину предложения CR-015"
CR-017,CART,/cart,src/components/cart/CartClient.tsx,Часть уведомления об обновлении корзины,в «{модель}» обновлены недоступные параметры (цвет/сборка/доставка) на значения по умолчанию,«{модель}» ішіндегі қолжетімсіз параметрлер (түсі/жинау/жеткізу) әдепкі мәндерге ауыстырылды,NEEDS_REVIEW,"ДИНАМИЧЕСКАЯ СТРОКА, вставляется в середину предложения CR-015"
CR-018,CART,"/cart, /order",src/components/cart/CartClient.tsx; src/components/order/OrderForm.tsx,"Подсказка к предупреждению о превышении лимита стеллажей в заказе (после VL-018), оформление заблокировано",Уменьшите количество или удалите позицию.,Санын азайтыңыз немесе позицияны жойыңыз.,NEEDS_REVIEW,kk — утверждённая владельцем формулировка (2026-09-24)
CK-001,CHECKOUT,/order,src/app/order/page.tsx,Заголовок H1 страницы оформления заказа,Оформление заказа,Тапсырысты рәсімдеу,NEEDS_REVIEW,
CK-002,CHECKOUT,/order,src/components/order/OrderForm.tsx,Пустое состояние оформления заказа,В корзине нет ни одной конфигурации.,Себетте бірде-бір конфигурация жоқ.,NEEDS_REVIEW,
CK-003,CHECKOUT,/order,src/components/order/OrderForm.tsx,Подпись переключателя типа клиента,Тип клиента,Клиент түрі,NEEDS_REVIEW,
CK-004,CHECKOUT,/order,src/components/order/OrderForm.tsx,Вариант типа клиента,Физическое лицо,Жеке тұлға,NEEDS_REVIEW,
CK-005,CHECKOUT,/order,src/components/order/OrderForm.tsx,Вариант типа клиента,Юридическое лицо,Заңды тұлға,NEEDS_REVIEW,
CK-006,CHECKOUT,/order,src/components/order/OrderForm.tsx,Подпись обязательного поля имени,ФИО / Контактное лицо *,Аты-жөні / Байланыс тұлғасы *,NEEDS_REVIEW,
CK-007,CHECKOUT,/order,src/components/order/OrderForm.tsx,Подпись обязательного поля телефона,Телефон *,Телефон *,NEEDS_REVIEW,
CK-008,CHECKOUT,"/order, /contacts, /",src/components/order/OrderForm.tsx; src/components/contact/ContactForm.tsx,Плейсхолдер полей телефона и WhatsApp,+7 700 000 00 00,+7 700 000 00 00,NEEDS_REVIEW,НЕ ПЕРЕВОДИТЬ — образец номера
CK-009,CHECKOUT,/order,src/components/order/OrderForm.tsx,Подпись необязательного поля WhatsApp,WhatsApp,WhatsApp,NEEDS_REVIEW,НЕ ПЕРЕВОДИТЬ — название сервиса
CK-010,CHECKOUT,/order,src/components/order/OrderForm.tsx,Чекбокс копирования телефона в поле WhatsApp,WhatsApp совпадает с телефоном,WhatsApp телефон нөмірімен бірдей,NEEDS_REVIEW,
CK-011,CHECKOUT,/order,src/components/order/OrderForm.tsx,Подпись обязательного поля email,Email *,Email *,NEEDS_REVIEW,Можно оставить как есть либо перевести как Электрондық пошта *
CK-012,CHECKOUT,/order,src/components/order/OrderForm.tsx,Подпись поля города,Город,Қала,NEEDS_REVIEW,
CK-013,CHECKOUT,/order,src/components/order/OrderForm.tsx,Подпись обязательного поля названия компании (юрлицо),Название компании *,Компания атауы *,NEEDS_REVIEW,
CK-014,CHECKOUT,/order,src/components/order/OrderForm.tsx,Подпись обязательного поля БИН (юрлицо),БИН *,БСН *,NEEDS_REVIEW,Сам номер не переводится
CK-015,CHECKOUT,/order,src/components/order/OrderForm.tsx,"Подпись поля адреса, когда доставка требует адрес",Адрес доставки *,Жеткізу мекенжайы *,NEEDS_REVIEW,
CK-016,CHECKOUT,/order,src/components/order/OrderForm.tsx,"Подпись поля адреса, когда адрес необязателен",Адрес доставки (если нужна доставка),Жеткізу мекенжайы (жеткізу қажет болса),NEEDS_REVIEW,
CK-017,CHECKOUT,/order,src/components/order/OrderForm.tsx,Подпись обязательного селекта способа оплаты,Способ оплаты *,Төлем тәсілі *,NEEDS_REVIEW,
CK-018,CHECKOUT,/order,src/components/order/OrderForm.tsx,Подпись поля комментария,Комментарий к заказу,Тапсырысқа түсініктеме,NEEDS_REVIEW,
CK-019,CHECKOUT,/order,src/components/order/OrderForm.tsx,Состояние кнопки отправки во время отправки заказа,Оформляем заказ…,Тапсырыс рәсімделуде…,NEEDS_REVIEW,
CK-020,CHECKOUT,/order,src/components/order/OrderForm.tsx,Кнопка отправки заказа,Подтвердить заказ,Тапсырысты растау,NEEDS_REVIEW,
CK-021,CHECKOUT,/order,src/components/order/OrderForm.tsx,Заголовок боковой панели со списком позиций заказа,Ваш заказ,Сіздің тапсырысыңыз,NEEDS_REVIEW,
CK-022,CHECKOUT,/order,src/components/order/OrderForm.tsx,Примечание под итоговой суммой в оформлении заказа,Точная сумма будет пересчитана и подтверждена сервером при оформлении.,"Нақты сома рәсімдеу кезінде сервер тарапынан қайта есептеліп, расталады.",NEEDS_REVIEW,
CK-023,CHECKOUT,"/order, /order/success",src/lib/orders/payment-methods.ts,Способ оплаты в списке и на странице успешного заказа,Безналичный расчёт,Қолма-қол ақшасыз есеп айырысу,NEEDS_REVIEW,
CK-024,CHECKOUT,"/order, /order/success",src/lib/orders/payment-methods.ts,Способ оплаты в списке и на странице успешного заказа,Оплата по счёту,Шот бойынша төлем,NEEDS_REVIEW,"Совпадает по тексту с пунктом на главной (HM-056), смысл тот же"
CK-025,CHECKOUT,"/order, /order/success",src/lib/orders/payment-methods.ts,Способ оплаты в списке и на странице успешного заказа,Наличными,Қолма-қол ақшамен,NEEDS_REVIEW,
CK-026,CHECKOUT,/order/success,src/lib/orders/payment-methods.ts,Способ оплаты для ранее оформленных заказов,Kaspi Pay,Kaspi Pay,NEEDS_REVIEW,НЕ ПЕРЕВОДИТЬ — название сервиса. В оформлении заказа не выбирается
CK-027,CHECKOUT,/order/success,src/lib/orders/payment-methods.ts,Способ оплаты для ранее оформленных заказов,Kaspi QR,Kaspi QR,NEEDS_REVIEW,НЕ ПЕРЕВОДИТЬ — название сервиса
CK-028,CHECKOUT,/order,src/lib/orders/payment-methods.ts,Пояснение к выбранному способу оплаты,Оплата банковским переводом после подтверждения заказа.,Тапсырыс расталғаннан кейін банк аударымымен төлеу.,NEEDS_REVIEW,
CK-029,CHECKOUT,/order,src/lib/orders/payment-methods.ts,Пояснение к выбранному способу оплаты,Для ИП и юридических лиц. Менеджер подтвердит заказ и выставит счёт.,"ЖК және заңды тұлғаларға арналған. Менеджер тапсырысты растап, шот ұсынады.",NEEDS_REVIEW,
CK-030,CHECKOUT,/order,src/lib/orders/payment-methods.ts,Пояснение к выбранному способу оплаты,Оплата при согласованном самовывозе/доставке.,Келісілген қоймадан алып кету/жеткізу кезінде төлеу.,NEEDS_REVIEW,
OS-001,ORDER_SUCCESS,/order/success,src/app/order/success/page.tsx,Заголовок H1 страницы успешного заказа,Заказ принят!,Тапсырыс қабылданды!,NEEDS_REVIEW,
OS-002,ORDER_SUCCESS,/order/success,src/app/order/success/page.tsx,Подпись перед номером заказа,Номер вашего заказа:,Тапсырысыңыздың нөмірі:,NEEDS_REVIEW,
OS-003,ORDER_SUCCESS,/order/success,src/app/order/success/page.tsx,"Текст, когда номер заказа неизвестен",Спасибо! Мы получили вашу заявку.,Рақмет! Өтінішіңізді қабылдадық.,NEEDS_REVIEW,
OS-004,ORDER_SUCCESS,/order/success,src/app/order/success/page.tsx,Подпись суммы заказа,Сумма заказа,Тапсырыс сомасы,NEEDS_REVIEW,
OS-005,ORDER_SUCCESS,/order/success,src/app/order/success/page.tsx,Подпись статуса заказа,Статус,Мәртебесі,NEEDS_REVIEW,
OS-006,ORDER_SUCCESS,/order/success,src/app/order/success/page.tsx,Клиентский статус нового заказа,Заказ принят,Тапсырыс қабылданды,NEEDS_REVIEW,Отдельно от административных названий статусов
OS-007,ORDER_SUCCESS,/order/success,src/app/order/success/page.tsx,Клиентский статус заказа во всех остальных состояниях,Заказ обрабатывается,Тапсырыс өңделуде,NEEDS_REVIEW,
OS-008,ORDER_SUCCESS,/order/success,src/app/order/success/page.tsx,Подпись способа оплаты заказа,Способ оплаты,Төлем тәсілі,NEEDS_REVIEW,
OS-009,ORDER_SUCCESS,/order/success,src/app/order/success/page.tsx,Подпись числа позиций в заказе,Позиций,Позиция саны,NEEDS_REVIEW,
OS-010,ORDER_SUCCESS,/order/success,src/app/order/success/page.tsx,Текст о дальнейших действиях менеджера,"Наш менеджер свяжется с вами в ближайшее рабочее время для подтверждения заказа, уточнения деталей доставки и выставления счёта.","Менеджеріміз тапсырысты растау, жеткізу мәліметтерін нақтылау және шот ұсыну үшін жақын арадағы жұмыс уақытында сізбен байланысады.",NEEDS_REVIEW,
OS-011,ORDER_SUCCESS,/order/success,src/app/order/success/page.tsx,Кнопка WhatsApp на странице успешного заказа,Написать в WhatsApp,WhatsApp-қа жазу,NEEDS_REVIEW,"Тот же текст, что aria-label кнопки в шапке (H-006), здесь это видимая надпись на кнопке"
OS-012,ORDER_SUCCESS,/order/success,src/app/order/success/page.tsx,Кнопка возврата в каталог,Вернуться в каталог,Каталогқа оралу,NEEDS_REVIEW,
OS-013,ORDER_SUCCESS,/order/success,src/app/order/success/page.tsx,Кнопка возврата на главную,На главную,Басты бетке,NEEDS_REVIEW,
DL-001,DELIVERY,/delivery,src/app/delivery/page.tsx,Заголовок H1 страницы доставки,Доставка и сборка,Жеткізу және жинау,NEEDS_REVIEW,
DL-002,DELIVERY,/delivery,src/app/delivery/page.tsx,Вводный текст страницы доставки,"Мы доставляем стеллажи MS по всему Казахстану и предлагаем профессиональную сборку на объекте заказчика. Доставка по Алматы, Астане, Караганде и Шымкенту — бесплатно, в тот же день. Доставка в другие города и регионы Казахстана — 2–3 дня. Стоимость доставки рассчитывается индивидуально. Стоимость стеллажа рассчитывается автоматически в конфигураторе на основании выбранной комплектации. Доступны только размеры, представленные в конфигураторе.","Біз MS стеллаждарын Қазақстан бойынша жеткіземіз және тапсырыс берушінің нысанында кәсіби жинау қызметін ұсынамыз. Алматы, Астана, Қарағанды және Шымкент қалаларында жеткізу — тегін, сол күні. Қазақстанның басқа қалалары мен өңірлеріне жеткізу — 2–3 күн. Жеткізу құны жеке есептеледі. Стеллаждың құны таңдалған жинақтамаға қарай конфигураторда автоматты түрде есептеледі. Тек конфигураторда ұсынылған өлшемдер қолжетімді.",NEEDS_REVIEW,"Терминология 2026-09-21: стеллаж (весь стеллаж) → «стеллаж», не «сөре»"
DL-003,DELIVERY,/delivery,src/app/delivery/page.tsx,Заголовок секции способов получения,Способы получения,Алу тәсілдері,NEEDS_REVIEW,"Тот же заголовок, что на главной (HM-048)"
DL-004,DELIVERY,/delivery,src/app/delivery/page.tsx,Стоимость способа доставки с индивидуальным расчётом (доставка в другие города и регионы),Стоимость доставки рассчитывается индивидуально.,Жеткізу құны жеке есептеледі.,NEEDS_REVIEW,
DL-005,DELIVERY,/delivery,src/app/delivery/page.tsx,"Стоимость способа доставки, когда она нулевая",Бесплатно,Тегін,NEEDS_REVIEW,
DL-006,DELIVERY,/delivery,src/app/delivery/page.tsx,Стоимость способа доставки от суммы,от {сумма} ₸,{сома} ₸-ден бастап,NEEDS_REVIEW,ДИНАМИЧЕСКАЯ СТРОКА: число форматируется локалью ru-RU — при локализации потребуется отдельное форматирование
DL-007,DELIVERY,/delivery,src/app/delivery/page.tsx,Заголовок секции услуг сборки,Сборка,Жинау,NEEDS_REVIEW,"Заголовок секции, не подпись селекта"
DL-008,DELIVERY,/delivery,src/app/delivery/page.tsx,Заголовок секции о данных для заказа,Что нужно указать при заказе,Тапсырыс беру кезінде нені көрсету керек,NEEDS_REVIEW,
DL-009,DELIVERY,/delivery,src/app/delivery/page.tsx,Пункт списка данных для заказа,Город и точный адрес доставки,Қала және жеткізудің нақты мекенжайы,NEEDS_REVIEW,
DL-010,DELIVERY,/delivery,src/app/delivery/page.tsx,Пункт списка данных для заказа,Этаж и наличие грузового лифта (для доставки в помещение),Қабат және жүк лифтінің болуы (үй-жайға жеткізу үшін),NEEDS_REVIEW,
DL-011,DELIVERY,/delivery,src/app/delivery/page.tsx,Пункт списка данных для заказа,Желаемую дату доставки,Қалаған жеткізу күні,NEEDS_REVIEW,
DL-012,DELIVERY,/delivery,src/app/delivery/page.tsx,Пункт списка данных для заказа,Контактное лицо и телефон на объекте,Нысандағы байланыс тұлғасы және телефон,NEEDS_REVIEW,
DL-013,DELIVERY,/delivery,src/app/delivery/page.tsx,Кнопка внизу страницы доставки,Рассчитать стоимость стеллажа,Стеллаждың құнын есептеу,NEEDS_REVIEW,"Терминология 2026-09-21: стеллаж (весь стеллаж) → «стеллаж», не «сөре»"
PY-001,DELIVERY,/payment,src/app/payment/page.tsx,Заголовок H1 страницы оплаты,Оплата,Төлем,NEEDS_REVIEW,"Заголовок страницы; тот же текст, что пункт футера F-006"
PY-002,DELIVERY,/payment,src/app/payment/page.tsx,Вводный текст страницы оплаты,"Работаем с физическими лицами, компаниями и государственными организациями. Ниже — актуальные способы оплаты.","Жеке тұлғалармен, компаниялармен және мемлекеттік мекемелермен жұмыс істейміз. Төменде — өзекті төлем тәсілдері.",NEEDS_REVIEW,
PY-003,DELIVERY,/payment,src/app/payment/page.tsx,Способ оплаты — заголовок карточки,Безналичный расчёт,Қолма-қол ақшасыз есеп айырысу,NEEDS_REVIEW,"Тот же текст, что CK-023"
PY-004,DELIVERY,/payment,src/app/payment/page.tsx,Способ оплаты — описание карточки,"Для юридических лиц и ИП. Оплата по договору и счёту с НДС, полный пакет закрывающих документов.","Заңды тұлғалар мен ЖК үшін. Шарт және шот бойынша ҚҚС-пен төлем, жабу құжаттарының толық пакеті.",NEEDS_REVIEW,
PY-005,DELIVERY,/payment,src/app/payment/page.tsx,Способ оплаты — заголовок карточки,Оплата по счёту,Шот бойынша төлем,NEEDS_REVIEW,
PY-006,DELIVERY,/payment,src/app/payment/page.tsx,Способ оплаты — описание карточки,Выставляем счёт на оплату после подтверждения заказа менеджером — удобно для бухгалтерии компаний.,Тапсырысты менеджер растағаннан кейін төлеуге шот ұсынамыз — компаниялардың бухгалтериясына ыңғайлы.,NEEDS_REVIEW,
PY-007,DELIVERY,/payment,src/app/payment/page.tsx,Способ оплаты — заголовок карточки,Наличными,Қолма-қол ақшамен,NEEDS_REVIEW,
PY-008,DELIVERY,/payment,src/app/payment/page.tsx,Способ оплаты — описание карточки,При самовывозе со склада или при доставке курьером.,Қоймадан алып кеткенде немесе курьермен жеткізгенде.,NEEDS_REVIEW,
PY-009,DELIVERY,/payment,src/app/payment/page.tsx,Способ оплаты — описание карточки,Оплата через приложение Kaspi.kz.,Kaspi.kz қолданбасы арқылы төлеу.,NEEDS_REVIEW,Kaspi.kz не переводится
PY-010,DELIVERY,/payment,src/app/payment/page.tsx,Бейдж недоступного способа оплаты,Скоро,Жақында,NEEDS_REVIEW,
PY-011,DELIVERY,/payment,src/app/payment/page.tsx,Заголовок секции о бухгалтерских документах,Документы для бухгалтерии,Бухгалтерияға арналған құжаттар,NEEDS_REVIEW,
PY-012,DELIVERY,/payment,src/app/payment/page.tsx,Текст секции о бухгалтерских документах,"Для юридических лиц предоставляем счёт на оплату, счёт-фактуру, накладную и акт выполненных работ. НДС указывается отдельной строкой согласно действующей ставке.","Заңды тұлғаларға төлеуге шот, шот-фактура, жүкқұжат және орындалған жұмыстар актісін ұсынамыз. ҚҚС қолданыстағы мөлшерлемеге сәйкес жеке жолмен көрсетіледі.",NEEDS_REVIEW,
CN-001,CONTACTS,/contacts,src/app/contacts/page.tsx,Заголовок H1 страницы контактов,Контакты,Байланыс,NEEDS_REVIEW,"Заголовок страницы; тот же текст, что пункт меню H-005"
CN-002,CONTACTS,/contacts,src/app/contacts/page.tsx,Подпись блока реквизитов на странице контактов,Реквизиты,Деректемелер,NEEDS_REVIEW,
CN-003,CONTACTS,/contacts,src/app/contacts/page.tsx,Подпись к номеру БИН на странице контактов (без двоеточия),БИН,БСН,NEEDS_REVIEW,Сам номер не переводится
CN-004,CONTACTS,/contacts,src/app/contacts/page.tsx,Заголовок формы обратной связи на странице контактов,Написать нам,Бізге жазу,NEEDS_REVIEW,
CN-005,CONTACTS,/contacts,src/app/contacts/page.tsx,Подпись под заголовком формы обратной связи,"Заполните форму, и мы перезвоним в рабочее время.","Форманы толтырыңыз, жұмыс уақытында қайта қоңырау шаламыз.",NEEDS_REVIEW,
CN-006,CONTACTS,"/contacts, /",src/components/contact/ContactForm.tsx,Подпись поля имени в форме обратной связи,Имя,Аты,NEEDS_REVIEW,
CN-007,CONTACTS,"/contacts, /",src/components/contact/ContactForm.tsx,Подпись поля телефона в форме обратной связи,Телефон,Телефон,NEEDS_REVIEW,
CN-008,CONTACTS,"/contacts, /",src/components/contact/ContactForm.tsx,Подпись поля сообщения в форме обратной связи,Сообщение,Хабарлама,NEEDS_REVIEW,
CN-009,CONTACTS,"/contacts, /",src/components/contact/ContactForm.tsx,Состояние кнопки во время отправки формы обратной связи,Отправка…,Жіберілуде…,NEEDS_REVIEW,
CN-010,CONTACTS,"/contacts, /",src/components/contact/ContactForm.tsx,Кнопка отправки формы обратной связи,Отправить,Жіберу,NEEDS_REVIEW,
CN-011,CONTACTS,"/contacts, /",src/components/contact/ContactForm.tsx,Сообщение об успешной отправке формы обратной связи,Спасибо! Мы свяжемся с вами в ближайшее время.,Рақмет! Жақын арада сізбен байланысамыз.,NEEDS_REVIEW,
CN-012,CONTACTS,"/contacts, /",src/components/contact/ContactForm.tsx,Сообщение об ошибке отправки формы обратной связи,Не удалось отправить. Попробуйте позже или напишите в WhatsApp.,Жіберу мүмкін болмады. Кейінірек қайталап көріңіз немесе WhatsApp арқылы жазыңыз.,NEEDS_REVIEW,
PV-001,PRIVACY,/privacy,src/app/privacy/page.tsx,Заголовок H1 политики конфиденциальности,Политика конфиденциальности,Құпиялылық саясаты,NEEDS_REVIEW,
PV-002,PRIVACY,"/privacy, /terms",src/app/privacy/page.tsx; src/app/terms/page.tsx,Дата редакции документа,Редакция от 1 января 2026 г.,2026 Жылғы 1 қаңтардағы редакция,NEEDS_REVIEW,Одинаковый текст в политике и в оферте
PV-003,PRIVACY,/privacy,src/app/privacy/page.tsx,Вводный абзац политики конфиденциальности,"Настоящая Политика конфиденциальности определяет порядок обработки и защиты персональных данных пользователей сайта {компания} (далее — «Компания»), которые Компания может получить от пользователя в процессе использования сайта, сервиса конфигуратора стеллажей и оформления заказов.","Осы Құпиялылық саясаты {компания} сайты пайдаланушыларының дербес деректерін өңдеу және қорғау тәртібін айқындайды (бұдан әрі — «Компания»); Компания мұндай деректерді пайдаланушыдан сайтты, стеллаж конфигураторы қызметін пайдалану және тапсырыс рәсімдеу барысында алуы мүмкін.",NEEDS_REVIEW,"ДИНАМИЧЕСКАЯ СТРОКА: подставляется юридическое наименование. ТРЕБУЕТ ЮРИДИЧЕСКОЙ ВЫЧИТКИ. Терминология 2026-09-21: стеллаж (весь стеллаж) → «стеллаж», не «сөре»"
PV-004,PRIVACY,/privacy,src/app/privacy/page.tsx,Заголовок раздела 1 политики,1. Какие данные мы собираем,1. Қандай деректерді жинаймыз,NEEDS_REVIEW,
PV-005,PRIVACY,/privacy,src/app/privacy/page.tsx,Текст раздела 1 политики,"При оформлении заказа, заявки на консультацию или обращении через форму обратной связи мы можем запрашивать: фамилию, имя; номер телефона; адрес электронной почты; название и реквизиты компании (для юридических лиц); адрес доставки. Конфигурации стеллажей, сохранённые в конфигураторе, также считаются данными, связанными с заказом.","Тапсырыс рәсімдеу, кеңес алуға өтінім беру немесе кері байланыс нысаны арқылы хабарласу кезінде біз мыналарды сұрауымыз мүмкін: тегі, аты; телефон нөмірі; электрондық пошта мекенжайы; компанияның атауы мен деректемелері (заңды тұлғалар үшін); жеткізу мекенжайы. Конфигураторда сақталған стеллаж конфигурациялары да тапсырысқа қатысты деректер болып саналады.",NEEDS_REVIEW,"ТРЕБУЕТ ЮРИДИЧЕСКОЙ ВЫЧИТКИ. Терминология 2026-09-21: стеллаж (весь стеллаж) → «стеллаж», не «сөре»"
PV-006,PRIVACY,/privacy,src/app/privacy/page.tsx,Заголовок раздела 2 политики,2. Цели обработки данных,2. Деректерді өңдеу мақсаттары,NEEDS_REVIEW,
PV-007,PRIVACY,/privacy,src/app/privacy/page.tsx,Пункт целей обработки данных,"Обработка и выполнение заказов, включая расчёт стоимости и доставки;","Тапсырыстарды өңдеу және орындау, оның ішінде тауар мен жеткізу құнын есептеу;",NEEDS_REVIEW,ТРЕБУЕТ ЮРИДИЧЕСКОЙ ВЫЧИТКИ
PV-008,PRIVACY,/privacy,src/app/privacy/page.tsx,Пункт целей обработки данных,"Связь с клиентом по вопросам заказа, доставки и оплаты;","Тапсырыс, жеткізу және төлем мәселелері бойынша клиентпен байланысу;",NEEDS_REVIEW,ТРЕБУЕТ ЮРИДИЧЕСКОЙ ВЫЧИТКИ
PV-009,PRIVACY,/privacy,src/app/privacy/page.tsx,Пункт целей обработки данных,Формирование бухгалтерских и закрывающих документов;,Бухгалтерлік және жабу құжаттарын қалыптастыру;,NEEDS_REVIEW,ТРЕБУЕТ ЮРИДИЧЕСКОЙ ВЫЧИТКИ
PV-010,PRIVACY,/privacy,src/app/privacy/page.tsx,Пункт целей обработки данных,Улучшение качества сайта и сервиса конфигуратора;,Сайт пен конфигуратор қызметінің сапасын жақсарту;,NEEDS_REVIEW,ТРЕБУЕТ ЮРИДИЧЕСКОЙ ВЫЧИТКИ
PV-011,PRIVACY,/privacy,src/app/privacy/page.tsx,Пункт целей обработки данных,Направление информации об акциях — только с согласия пользователя.,Акциялар туралы ақпарат жіберу — тек пайдаланушының келісімімен.,NEEDS_REVIEW,ТРЕБУЕТ ЮРИДИЧЕСКОЙ ВЫЧИТКИ
PV-012,PRIVACY,/privacy,src/app/privacy/page.tsx,Заголовок раздела 3 политики,3. Передача данных третьим лицам,3. Деректерді үшінші тұлғаларға беру,NEEDS_REVIEW,
PV-013,PRIVACY,/privacy,src/app/privacy/page.tsx,Текст раздела 3 политики,"Компания не передаёт персональные данные третьим лицам, за исключением случаев, необходимых для выполнения заказа (например, транспортным компаниям для организации доставки) или в случаях, предусмотренных законодательством Республики Казахстан.","Компания дербес деректерді үшінші тұлғаларға бермейді, тапсырысты орындау үшін қажет жағдайларды (мысалы, жеткізуді ұйымдастыру үшін көлік компанияларына беру) немесе Қазақстан Республикасының заңнамасында көзделген жағдайларды қоспағанда.",NEEDS_REVIEW,ТРЕБУЕТ ЮРИДИЧЕСКОЙ ВЫЧИТКИ
PV-014,PRIVACY,/privacy,src/app/privacy/page.tsx,Заголовок раздела 4 политики,4. Хранение и защита данных,4. Деректерді сақтау және қорғау,NEEDS_REVIEW,
PV-015,PRIVACY,/privacy,src/app/privacy/page.tsx,Текст раздела 4 политики,"Персональные данные хранятся в защищённой базе данных и обрабатываются с применением технических и организационных мер защиты от несанкционированного доступа, изменения, раскрытия или уничтожения.","Дербес деректер қорғалған дерекқорда сақталады және рұқсатсыз қол жеткізуден, өзгертуден, ашудан немесе жоюдан қорғаудың техникалық әрі ұйымдастырушылық шаралары қолданыла отырып өңделеді.",NEEDS_REVIEW,ТРЕБУЕТ ЮРИДИЧЕСКОЙ ВЫЧИТКИ
PV-016,PRIVACY,/privacy,src/app/privacy/page.tsx,Заголовок раздела 5 политики,5. Права пользователя,5. Пайдаланушының құқықтары,NEEDS_REVIEW,
PV-017,PRIVACY,/privacy,src/app/privacy/page.tsx,Текст раздела 5 политики,"Пользователь вправе запросить информацию о своих персональных данных, потребовать их исправления или удаления, а также отозвать согласие на обработку, направив запрос на {email}.","Пайдаланушы өзінің дербес деректері туралы ақпаратты сұратуға, оларды түзетуді немесе жоюды талап етуге, сондай-ақ {email} мекенжайына сұрау жіберу арқылы өңдеуге берген келісімін кері қайтарып алуға құқылы.",NEEDS_REVIEW,ДИНАМИЧЕСКАЯ СТРОКА: подставляется email. ТРЕБУЕТ ЮРИДИЧЕСКОЙ ВЫЧИТКИ
PV-018,PRIVACY,/privacy,src/app/privacy/page.tsx,Заголовок раздела 6 политики,6. Контакты,6. Байланыс,NEEDS_REVIEW,
PV-019,PRIVACY,/privacy,src/app/privacy/page.tsx,Текст раздела 6 политики,"По вопросам обработки персональных данных обращайтесь: {email}, {адрес}.","Дербес деректерді өңдеу мәселелері бойынша хабарласыңыз: {email}, {мекенжай}.",NEEDS_REVIEW,ДИНАМИЧЕСКАЯ СТРОКА
TM-001,TERMS,/terms,src/app/terms/page.tsx,Заголовок H1 публичной оферты,Публичная оферта,Жария оферта,NEEDS_REVIEW,
TM-002,TERMS,/terms,src/app/terms/page.tsx,Вводный абзац оферты,Настоящий документ является публичной офертой {компания} (далее — «Продавец») и содержит условия продажи металлических стеллажных систем MS через сайт и конфигуратор. Оформление заказа на сайте означает полное и безоговорочное принятие условий настоящей оферты (акцепт).,Осы құжат {компания} жария офертасы болып табылады (бұдан әрі — «Сатушы») және MS металл стеллаж жүйелерін сайт пен конфигуратор арқылы сату шарттарын қамтиды. Сайтта тапсырыс рәсімдеу осы оферта шарттарын толық әрі сөзсіз қабылдауды (акцепт) білдіреді.,NEEDS_REVIEW,ДИНАМИЧЕСКАЯ СТРОКА. ТРЕБУЕТ ЮРИДИЧЕСКОЙ ВЫЧИТКИ
TM-003,TERMS,/terms,src/app/terms/page.tsx,Заголовок раздела 1 оферты,1. Предмет договора,1. Шарттың мәні,NEEDS_REVIEW,
TM-004,TERMS,/terms,src/app/terms/page.tsx,Текст раздела 1 оферты,"Продавец обязуется передать в собственность Покупателя стеллажную систему согласно выбранной в конфигураторе комплектации, а Покупатель обязуется принять и оплатить товар на условиях настоящей оферты.","Сатушы конфигураторда таңдалған жинаққа сәйкес стеллаж жүйесін Сатып алушының меншігіне беруге, ал Сатып алушы тауарды осы оферта шарттарымен қабылдап, төлеуге міндеттенеді.",NEEDS_REVIEW,"ТРЕБУЕТ ЮРИДИЧЕСКОЙ ВЫЧИТКИ. Терминология 2026-09-21: стеллаж (весь стеллаж) → «стеллаж», не «сөре»"
TM-005,TERMS,/terms,src/app/terms/page.tsx,Заголовок раздела 2 оферты,2. Оформление заказа и цена,2. Тапсырысты рәсімдеу және баға,NEEDS_REVIEW,
TM-006,TERMS,/terms,src/app/terms/page.tsx,Текст раздела 2 оферты,"Стоимость стеллажа рассчитывается автоматически в конфигураторе на основании выбранной комплектации. Доступны только размеры, представленные в конфигураторе.",Стеллаждың құны таңдалған жинақтамаға қарай конфигураторда автоматты түрде есептеледі. Тек конфигураторда көрсетілген өлшемдер қолжетімді.,NEEDS_REVIEW,"ru обновлён по исходнику 2026-09-21. НОВОЕ ПРЕДЛОЖЕНИЕ kk (2026-09-21) — требует проверки владельцем (первое предложение взято из kk-версии DL-002, второе — утверждённая формулировка). Требует юридической вычитки. Терминология 2026-09-21: стеллаж (весь стеллаж) → «стеллаж», не «сөре»"
TM-007,TERMS,/terms,src/app/terms/page.tsx,Заголовок раздела 3 оферты,3. Оплата,3. Төлем,NEEDS_REVIEW,
TM-008,TERMS,/terms,src/app/terms/page.tsx,Текст раздела 3 оферты,"Оплата производится безналичным расчётом по счёту, наличными при самовывозе или иным способом, указанным на странице «Оплата». Для юридических лиц предоставляется полный пакет закрывающих документов с учётом НДС.","Төлем шот бойынша қолма-қол ақшасыз есеп айырысу арқылы, қоймадан алып кеткенде қолма-қол ақшамен немесе «Төлем» бетінде көрсетілген өзге тәсілмен жүргізіледі. Заңды тұлғаларға ҚҚС ескеріле отырып, жабу құжаттарының толық пакеті ұсынылады.",NEEDS_REVIEW,ТРЕБУЕТ ЮРИДИЧЕСКОЙ ВЫЧИТКИ
TM-009,TERMS,/terms,src/app/terms/page.tsx,Заголовок раздела 4 оферты,4. Доставка,4. Жеткізу,NEEDS_REVIEW,
TM-010,TERMS,/terms,src/app/terms/page.tsx,Текст раздела 4 оферты,"Доставка осуществляется способом, выбранным Покупателем при оформлении заказа: самовывоз со склада, доставка по городу, доставка по Казахстану или передача транспортной компании. По Алматы, Астане, Караганде и Шымкенту доставка осуществляется бесплатно в тот же день. В другие города и регионы Казахстана доставка осуществляется в течение 2–3 дней, стоимость доставки рассчитывается индивидуально.","Жеткізу Сатып алушы тапсырыс рәсімдеу кезінде таңдаған тәсілмен жүзеге асырылады: қоймадан алып кету, қала ішінде жеткізу, Қазақстан бойынша жеткізу немесе көлік компаниясына тапсыру. Алматы, Астана, Қарағанды және Шымкент қалаларында жеткізу сол күні тегін жүзеге асырылады. Қазақстанның басқа қалалары мен өңірлеріне жеткізу 2–3 күн ішінде жүзеге асырылады, жеткізу құны жеке есептеледі.",NEEDS_REVIEW,ТРЕБУЕТ ЮРИДИЧЕСКОЙ ВЫЧИТКИ
TM-011,TERMS,/terms,src/app/terms/page.tsx,Заголовок раздела 5 оферты,5. Гарантия и возврат,5. Кепілдік және қайтару,NEEDS_REVIEW,
TM-012,TERMS,/terms,src/app/terms/page.tsx,Текст раздела 5 оферты,На все стеллажные системы MS предоставляется гарантия производителя. Возврат и обмен товара надлежащего качества осуществляется в соответствии с законодательством Республики Казахстан о защите прав потребителей.,Барлық MS стеллаж жүйелеріне өндірушінің кепілдігі беріледі. Тиісті сападағы тауарды қайтару және айырбастау Қазақстан Республикасының тұтынушылардың құқықтарын қорғау туралы заңнамасына сәйкес жүзеге асырылады.,NEEDS_REVIEW,"ТРЕБУЕТ ЮРИДИЧЕСКОЙ ВЫЧИТКИ. Терминология 2026-09-21: стеллаж (весь стеллаж) → «стеллаж», не «сөре»"
TM-013,TERMS,/terms,src/app/terms/page.tsx,Заголовок раздела 6 оферты,6. Реквизиты Продавца,6. Сатушының деректемелері,NEEDS_REVIEW,
VL-001,VALIDATION,"/order, /contacts, /",src/lib/pricing/schema.ts,Ошибка проверки номера телефона (оформление заказа и форма обратной связи),Укажите корректный номер телефона,Дұрыс телефон нөмірін көрсетіңіз,NEEDS_REVIEW,
VL-002,VALIDATION,"/order, /contacts, /",src/lib/pricing/schema.ts,Ошибка проверки имени,Введите имя,Атыңызды енгізіңіз,NEEDS_REVIEW,
VL-003,VALIDATION,/order,src/lib/pricing/schema.ts,Ошибка проверки email,Укажите корректный email,Дұрыс email мекенжайын көрсетіңіз,NEEDS_REVIEW,
VL-004,VALIDATION,/order,src/lib/pricing/schema.ts,Ошибка проверки ИИН/БИН при отправке формы,ИИН/БИН должен содержать 12 цифр,ЖСН/БСН 12 саннан тұруы керек,NEEDS_REVIEW,
VL-005,VALIDATION,/order,src/lib/pricing/schema.ts,Ошибка обязательного БИН для юридического лица,БИН должен содержать 12 цифр,БСН 12 саннан тұруы керек,NEEDS_REVIEW,"Отдельное сообщение от VL-004: срабатывает для юрлица, когда поле пустое"
VL-006,VALIDATION,/order,src/lib/pricing/schema.ts,Ошибка обязательного названия компании для юридического лица,Укажите название компании,Компания атауын көрсетіңіз,NEEDS_REVIEW,
VL-007,VALIDATION,/order,src/lib/pricing/schema.ts,Ошибка выбора способа оплаты,Выберите способ оплаты,Төлем тәсілін таңдаңыз,NEEDS_REVIEW,
VL-008,VALIDATION,/order,src/components/order/OrderForm.tsx; src/app/api/orders/route.ts,"Ошибка обязательного адреса доставки (проверяется и в форме, и на сервере)",Укажите адрес доставки,Жеткізу мекенжайын көрсетіңіз,NEEDS_REVIEW,
VL-009,VALIDATION,"/configurator, /cart",src/lib/pricing/schema.ts,Ошибка проверки идентификатора модели в конфигурации,Недопустимый идентификатор модели,Модельдің жарамсыз идентификаторы,NEEDS_REVIEW,Достижимо через ручную правку ссылки конфигурации
VL-010,VALIDATION,"/configurator, /cart",src/lib/pricing/schema.ts,Ошибка проверки: в конфигурации нет секций,Должна быть хотя бы одна секция,Кемінде бір секция болуы тиіс,NEEDS_REVIEW,
VL-011,VALIDATION,"/configurator, /cart",src/lib/pricing/schema.ts,Ошибка проверки: превышено число секций,Достигнуто максимальное количество секций ({N}),Секциялардың ең көп санына жетті ({N}),NEEDS_REVIEW,"ДИНАМИЧЕСКАЯ СТРОКА. Почти совпадает с CF-029, но это серверное сообщение с числом"
VL-012,VALIDATION,"/configurator, /cart",src/lib/pricing/schema.ts,Ошибка проверки уникальности идентификаторов секций,Идентификаторы секций должны быть уникальными,Секциялардың идентификаторлары бірегей болуы тиіс,NEEDS_REVIEW,
VL-013,VALIDATION,/order,src/lib/delivery/city-delivery.ts; src/app/api/orders/route.ts,Ошибка сервера: бесплатная доставка по городу выбрана для другого города,"Бесплатная доставка по городу доступна только в Алматы, Астане, Караганде и Шымкенте. Для других городов выберите «Доставка по Казахстану» — 2–3 дня. Стоимость доставки рассчитывается индивидуально.","Қала бойынша тегін жеткізу тек Алматы, Астана, Қарағанды және Шымкент қалаларында қолжетімді. Басқа қалалар үшін «Қазақстан бойынша жеткізу» тәсілін таңдаңыз — 2–3 күн. Жеткізу құны жеке есептеледі.",NEEDS_REVIEW,Сервер возвращает с field = city; «Доставка по Казахстану» — название способа доставки (CF-088)
VL-014,VALIDATION,/order,src/lib/pricing/schema.ts,Ошибка валидации: не указан город (форма заказа и ответ API),Укажите город,Қаланы көрсетіңіз,NEEDS_REVIEW,НОВОЕ ПРЕДЛОЖЕНИЕ kk (2026-09-21) — требует проверки владельцем
VL-015,VALIDATION,"/contacts, /",src/lib/contact-schema.ts,Ошибка проверки: пустое сообщение в форме обратной связи (форма и ответ API),Введите сообщение,Хабарламаны енгізіңіз,NEEDS_REVIEW,НОВОЕ ПРЕДЛОЖЕНИЕ kk (2026-09-22) — по образцу VL-002 «Атыңызды енгізіңіз»; требует проверки владельцем
VL-016,VALIDATION,"/contacts, /",src/lib/contact-schema.ts,Ошибка проверки: имя в форме обратной связи длиннее допустимого (форма и ответ API),Имя не должно быть длиннее {N} символов,Аты {N} таңбадан аспауы керек,NEEDS_REVIEW,НОВОЕ ПРЕДЛОЖЕНИЕ kk (2026-09-22) — требует проверки владельцем; {N} = 200
VL-017,VALIDATION,"/contacts, /",src/lib/contact-schema.ts,Ошибка проверки: сообщение в форме обратной связи длиннее допустимого (форма и ответ API),Сообщение не должно быть длиннее {N} символов,Хабарлама {N} таңбадан аспауы керек,NEEDS_REVIEW,НОВОЕ ПРЕДЛОЖЕНИЕ kk (2026-09-22) — требует проверки владельцем; {N} = 2000
VL-018,VALIDATION,"/configurator, /cart, /order, /catalog",src/lib/pricing/schema.ts; src/components/cart/CartClient.tsx; src/components/order/OrderForm.tsx; src/components/configurator/OrderSummaryBar.tsx; src/components/catalog/ProductCard.tsx,"Ошибка проверки: превышен лимит стеллажей (комплектов) в одном заказе — сумма количеств всех позиций (ответ API заказа, корзина, оформление, конфигуратор, каталог)",В одном заказе можно оформить не более {N} стеллажей.,Бір тапсырыста ең көбі {N} стеллажға тапсырыс беруге болады.,NEEDS_REVIEW,"ДИНАМИЧЕСКАЯ СТРОКА; {N} = 5. kk — утверждённая владельцем формулировка (2026-09-24)"
ER-001,ERRORS,"/configurator, /cart, /catalog",src/app/api/pricing/calculate/route.ts,Ответ API при превышении лимита запросов на расчёт цены,Слишком много запросов. Попробуйте через минуту.,Сұраныс тым көп. Бір минуттан кейін қайталап көріңіз.,NEEDS_REVIEW,
ER-002,ERRORS,/order,src/app/api/orders/route.ts,Ответ API при превышении лимита отправки заявок,Слишком много заявок. Попробуйте через минуту.,Өтінімдер тым көп. Бір минуттан кейін қайталап көріңіз.,NEEDS_REVIEW,
ER-003,ERRORS,"/contacts, /",src/app/api/contact/route.ts,Ответ API при превышении лимита обращений через форму обратной связи,Слишком много обращений. Попробуйте через минуту.,Өтініштер тым көп. Бір минуттан кейін қайталап көріңіз.,NEEDS_REVIEW,
ER-004,ERRORS,(публичные API),src/app/api/pricing/calculate/route.ts; src/app/api/orders/route.ts; src/app/api/contact/route.ts; src/app/api/payments/route.ts,Ответ API при нечитаемом теле запроса,Некорректное тело запроса,Сұраныс деректері дұрыс емес,NEEDS_REVIEW,"Технический ответ, но может дойти до клиента через серверную ошибку формы"
ER-005,ERRORS,"/order, /contacts, /",src/app/api/orders/route.ts; src/app/api/contact/route.ts,Ответ API при ошибках валидации формы,Проверьте правильность заполнения формы,Форманың дұрыс толтырылғанын тексеріңіз,NEEDS_REVIEW,
ER-006,ERRORS,/order,src/app/api/orders/route.ts,"Ответ API, когда позицию заказа нельзя пересчитать",Не удалось рассчитать одну из позиций заказа: {причина},Тапсырыс позицияларының бірін есептеу мүмкін болмады: {себеп},NEEDS_REVIEW,ДИНАМИЧЕСКАЯ СТРОКА: подставляется сообщение движка расчёта
ER-007,ERRORS,(публичные API),src/lib/api/response.ts,Ответ API при внутренней ошибке сервера,Внутренняя ошибка сервера. Попробуйте позже.,Сервердің ішкі қатесі. Кейінірек қайталап көріңіз.,NEEDS_REVIEW,
ER-008,ERRORS,/payment (онлайн-оплата),src/app/api/payments/route.ts,"Ответ API, когда онлайн-оплата отключена или заказ не найден",Страница не найдена,Бет табылмады,NEEDS_REVIEW,
ER-009,ERRORS,/payment (онлайн-оплата),src/app/api/payments/route.ts,Ответ API при превышении лимита попыток оплаты,Слишком много попыток оплаты. Попробуйте через минуту.,Төлем әрекеттері тым көп. Бір минуттан кейін қайталап көріңіз.,NEEDS_REVIEW,
ER-010,ERRORS,/payment (онлайн-оплата),src/app/api/payments/route.ts,Ответ API при некорректном запросе на оплату,Некорректный запрос на оплату,Төлем сұранысы дұрыс емес,NEEDS_REVIEW,
ER-011,ERRORS,/payment (онлайн-оплата),src/app/api/payments/route.ts,"Ответ API, когда заказ не найден при оплате",Заказ не найден,Тапсырыс табылмады,NEEDS_REVIEW,
ER-012,ERRORS,/payment (онлайн-оплата),src/app/api/payments/route.ts,"Ответ API, когда заказ нельзя оплатить онлайн",Этот заказ сейчас нельзя оплатить онлайн.,Бұл тапсырысты қазір онлайн төлеу мүмкін емес.,NEEDS_REVIEW,
ER-013,ERRORS,/payment (онлайн-оплата),src/app/api/payments/route.ts,Ответ API при недоступности платёжного сервиса,Платёжный сервис временно недоступен. Попробуйте позже.,Төлем қызметі уақытша қолжетімсіз. Кейінірек қайталап көріңіз.,NEEDS_REVIEW,
ER-014,ERRORS,/configurator,src/components/configurator/useLivePrice.ts,Ошибка сети при расчёте цены в конфигураторе,Не удалось рассчитать цену. Проверьте соединение.,Бағаны есептеу мүмкін болмады. Байланысты тексеріңіз.,NEEDS_REVIEW,
ER-015,ERRORS,/cart,src/components/cart/CartClient.tsx,Запасное сообщение об ошибке расчёта позиции корзины,Не удалось рассчитать цену,Бағаны есептеу мүмкін болмады,NEEDS_REVIEW,
ER-016,ERRORS,/cart,src/components/cart/CartClient.tsx,Ошибка сети при расчёте позиции корзины,Не удалось связаться с сервером,Сервермен байланысу мүмкін болмады,NEEDS_REVIEW,
ER-017,ERRORS,/order,src/components/order/OrderForm.tsx,Запасное сообщение об ошибке оформления заказа,Не удалось оформить заказ,Тапсырысты рәсімдеу мүмкін болмады,NEEDS_REVIEW,
ER-018,ERRORS,/order,src/components/order/OrderForm.tsx,Ошибка сети при отправке заказа,Не удалось связаться с сервером. Проверьте соединение и попробуйте снова.,"Сервермен байланысу мүмкін болмады. Байланысты тексеріп, қайта көріңіз.",NEEDS_REVIEW,
ER-019,ERRORS,"/configurator, /cart",src/lib/pricing/engine.ts,Ошибка расчёта: конфигурация не прошла валидацию,Некорректные данные конфигурации,Конфигурация деректері дұрыс емес,NEEDS_REVIEW,
ER-020,ERRORS,"/configurator, /cart",src/lib/pricing/engine.ts,Ошибка расчёта: модель не найдена,Модель не найдена,Модель табылмады,NEEDS_REVIEW,"Совпадает по смыслу с PR-001, но это сообщение движка расчёта, а не заголовок страницы"
ER-021,ERRORS,"/configurator, /cart",src/lib/pricing/engine.ts,Ошибка расчёта: требуется индивидуальный расчёт,"Для этой конфигурации требуется индивидуальный расчёт. Пожалуйста, свяжитесь с менеджером.",Бұл конфигурация үшін жеке есеп қажет. Менеджерге хабарласыңыз.,NEEDS_REVIEW,
ER-022,ERRORS,"/configurator, /cart",src/lib/pricing/engine.ts,"Ошибка расчёта: недоступны цвет, сборка или доставка",Часть выбранных опций недоступна,Таңдалған опциялардың бір бөлігі қолжетімсіз,NEEDS_REVIEW,
ER-023,ERRORS,/configurator,src/lib/pricing/engine.ts,Предупреждение расчёта: стоимость сборки не автоматизирована,Стоимость сборки будет рассчитана индивидуально менеджером,Құрастыру құнын менеджер жеке есептейді,NEEDS_REVIEW,
ER-024,ERRORS,"/configurator, /cart, /order",src/lib/pricing/engine.ts,"Примечание к доставке с индивидуальным расчётом (детализация стоимости, корзина, оформление заказа)",Стоимость доставки рассчитывается индивидуально.,Жеткізу құны жеке есептеледі.,NEEDS_REVIEW,
ER-025,ERRORS,/configurator,src/lib/pricing/engine.ts,Предупреждение расчёта: промокод не найден,Промокод «{код}» не найден или недействителен,«{Код}» промокоды табылмады немесе жарамсыз,NEEDS_REVIEW,ДИНАМИЧЕСКАЯ СТРОКА
ER-026,ERRORS,/configurator,src/lib/pricing/engine.ts,Предупреждение расчёта: промокод действует от суммы,Промокод «{код}» действует от суммы {сумма} ₸,«{Код}» промокоды {сома} ₸ сомасынан бастап жарамды,NEEDS_REVIEW,ДИНАМИЧЕСКАЯ СТРОКА
ER-028,ERRORS,/configurator,src/lib/pricing/engine.ts,Причина скидки в детализации: скидка по уровню цены,Скидка по уровню цены: {N}%,Баға деңгейі бойынша жеңілдік: {N}%,NEEDS_REVIEW,ДИНАМИЧЕСКАЯ СТРОКА: внутреннее имя уровня цены клиенту не показывается
ER-029,ERRORS,/configurator,src/lib/pricing/engine.ts,Причина скидки в детализации: скидка за количество,Скидка за количество (от {N} шт.): {P}%,Саны бойынша жеңілдік ({N} данадан бастап): {P}%,NEEDS_REVIEW,ДИНАМИЧЕСКАЯ СТРОКА
ER-030,ERRORS,/configurator,src/lib/pricing/engine.ts,Причина скидки в детализации: промокод в процентах,Промокод {код}: {N}%,{Код} промокоды: {N}%,NEEDS_REVIEW,ДИНАМИЧЕСКАЯ СТРОКА
ER-031,ERRORS,/configurator,src/lib/pricing/engine.ts,Причина скидки в детализации: промокод фиксированной суммой,Промокод {код}: −{сумма} ₸,{Код} промокоды: −{сома} ₸,NEEDS_REVIEW,ДИНАМИЧЕСКАЯ СТРОКА
ER-035,ERRORS,"/configurator, /cart",src/lib/pricing/compatibility.ts,Ошибка совместимости: модель недоступна,Выбранная модель недоступна,Таңдалған модель қолжетімсіз,NEEDS_REVIEW,
ER-036,ERRORS,"/configurator, /cart",src/lib/pricing/compatibility.ts,Ошибка совместимости: высота недоступна,Высота {H} мм недоступна,{H} мм биіктік қолжетімсіз,NEEDS_REVIEW,ДИНАМИЧЕСКАЯ СТРОКА
ER-037,ERRORS,"/configurator, /cart",src/lib/pricing/compatibility.ts,Ошибка совместимости: ширина недоступна,Ширина {W} мм недоступна,{W} мм ен қолжетімсіз,NEEDS_REVIEW,ДИНАМИЧЕСКАЯ СТРОКА
ER-038,ERRORS,"/configurator, /cart",src/lib/pricing/compatibility.ts,Ошибка совместимости: глубина недоступна,Глубина {D} мм недоступна,{D} мм тереңдік қолжетімсіз,NEEDS_REVIEW,ДИНАМИЧЕСКАЯ СТРОКА
ER-039,ERRORS,"/configurator, /cart",src/lib/pricing/compatibility.ts,Ошибка совместимости: высота недоступна для модели,Высота {H} мм недоступна для модели «{модель}»,«{Модель}» моделі үшін {H} мм биіктік қолжетімсіз,NEEDS_REVIEW,ДИНАМИЧЕСКАЯ СТРОКА
ER-040,ERRORS,"/configurator, /cart",src/lib/pricing/compatibility.ts,Ошибка совместимости: ширина недоступна для модели,Ширина {W} мм недоступна для модели «{модель}»,«{Модель}» моделі үшін {W} мм ен қолжетімсіз,NEEDS_REVIEW,ДИНАМИЧЕСКАЯ СТРОКА
ER-041,ERRORS,"/configurator, /cart",src/lib/pricing/compatibility.ts,Ошибка совместимости: глубина недоступна для модели,Глубина {D} мм недоступна для модели «{модель}»,«{Модель}» моделі үшін {D} мм тереңдік қолжетімсіз,NEEDS_REVIEW,ДИНАМИЧЕСКАЯ СТРОКА
ER-042,ERRORS,"/configurator, /cart",src/lib/pricing/compatibility.ts; src/lib/pricing/ms-standard-compatibility.ts,Ошибка совместимости: число полок вне диапазона,Число полок должно быть от {min} до {max},Сөре саны {min}-дан {max}-ға дейін болуы тиіс,NEEDS_REVIEW,ДИНАМИЧЕСКАЯ СТРОКА
ER-043,ERRORS,"/configurator, /cart",src/lib/pricing/compatibility.ts,Ошибка совместимости: тип полки недоступен для модели,Тип полки недоступен для модели «{модель}»,«{Модель}» моделі үшін сөре түрі қолжетімсіз,NEEDS_REVIEW,ДИНАМИЧЕСКАЯ СТРОКА
ER-044,ERRORS,"/configurator, /cart",src/lib/pricing/compatibility.ts,Ошибка совместимости: нагрузка недоступна для модели,Нагрузка {N} кг недоступна для модели «{модель}»,«{Модель}» моделі үшін {N} кг жүктеме қолжетімсіз,NEEDS_REVIEW,ДИНАМИЧЕСКАЯ СТРОКА
ER-045,ERRORS,"/configurator, /cart",src/lib/pricing/compatibility.ts,Ошибка совместимости: нагрузка ограничена шириной секции,Нагрузка {N} кг доступна только при ширине секции до {W} мм,{N} кг жүктеме тек секция ені {W} мм-ге дейін болғанда қолжетімді,NEEDS_REVIEW,ДИНАМИЧЕСКАЯ СТРОКА
ER-046,ERRORS,"/configurator, /cart",src/lib/pricing/compatibility.ts,Ошибка совместимости: нагрузка ограничена глубиной,Нагрузка {N} кг доступна только при глубине до {D} мм,{N} кг жүктеме тек тереңдігі {D} мм-ге дейін болғанда қолжетімді,NEEDS_REVIEW,ДИНАМИЧЕСКАЯ СТРОКА
ER-047,ERRORS,"/configurator, /cart",src/lib/pricing/compatibility.ts,Ошибка совместимости: недоступен выбранный цвет,Выбранный цвет недоступен,Таңдалған түс қолжетімсіз,NEEDS_REVIEW,
ER-048,ERRORS,"/configurator, /cart",src/lib/pricing/compatibility.ts,Ошибка совместимости: недоступен вариант сборки,Выбранный вариант сборки недоступен,Таңдалған жинау нұсқасы қолжетімсіз,NEEDS_REVIEW,
ER-049,ERRORS,"/configurator, /cart",src/lib/pricing/compatibility.ts,Ошибка совместимости: недоступен способ доставки,Выбранный способ доставки недоступен,Таңдалған жеткізу тәсілі қолжетімсіз,NEEDS_REVIEW,
ER-050,ERRORS,"/configurator, /cart",src/lib/pricing/compatibility.ts,Ошибка совместимости: недоступен аксессуар,Один из выбранных аксессуаров недоступен,Таңдалған аксессуарлардың бірі қолжетімсіз,NEEDS_REVIEW,
ER-051,ERRORS,"/configurator, /cart",src/lib/pricing/compatibility.ts,Ошибка совместимости: аксессуар недоступен для модели,Аксессуар «{аксессуар}» недоступен для модели «{модель}»,«{Модель}» моделі үшін «{аксессуар}» аксессуары қолжетімсіз,NEEDS_REVIEW,ДИНАМИЧЕСКАЯ СТРОКА
ER-052,ERRORS,"/configurator, /cart",src/lib/pricing/compatibility.ts,Ошибка совместимости: превышено количество аксессуара,Максимальное количество «{аксессуар}» — {N} на секцию,«{Аксессуар}» ең көбі — бір секцияға {N},NEEDS_REVIEW,ДИНАМИЧЕСКАЯ СТРОКА
ER-053,ERRORS,"/configurator, /cart",src/lib/pricing/compatibility.ts,Ошибка совместимости: крестовина жёсткости только для секции 1000 мм,Крестовина жёсткости доступна только для секции шириной 1000 мм,Қатайтқыш айқыш тек ені 1000 мм секция үшін қолжетімді,NEEDS_REVIEW,"По смыслу совпадает с примечанием CF-049, но это серверная ошибка"
ER-054,ERRORS,"/configurator, /cart",src/lib/pricing/ms-standard-compatibility.ts,Ошибка совместимости MS Стандарт: высота недоступна,Высота {H} мм недоступна для MS Стандарт,MS Стандарт үшін {H} мм биіктік қолжетімсіз,NEEDS_REVIEW,ДИНАМИЧЕСКАЯ СТРОКА
ER-055,ERRORS,"/configurator, /cart",src/lib/pricing/ms-standard-compatibility.ts,Ошибка совместимости MS Стандарт: слишком много полок для высоты,При высоте {H} мм максимум {N} полок,Биіктігі {H} мм болғанда ең көбі {N} сөре,NEEDS_REVIEW,ДИНАМИЧЕСКАЯ СТРОКА
ER-056,ERRORS,"/configurator, /cart",src/lib/pricing/ms-standard-compatibility.ts,Ошибка совместимости MS Стандарт: ширина недоступна,Ширина {W} мм недоступна для MS Стандарт,MS Стандарт үшін {W} мм ен қолжетімсіз,NEEDS_REVIEW,ДИНАМИЧЕСКАЯ СТРОКА
ER-057,ERRORS,"/configurator, /cart",src/lib/pricing/ms-standard-compatibility.ts,Ошибка совместимости MS Стандарт: глубина недоступна при данной ширине,Глубина {D} мм недоступна при ширине секции {W} мм,Секция ені {W} мм болғанда {D} мм тереңдік қолжетімсіз,NEEDS_REVIEW,ДИНАМИЧЕСКАЯ СТРОКА
ER-058,ERRORS,"/contacts, /",src/app/api/contact/route.ts,Ответ API об успешной отправке обращения,Заявка отправлена,Өтінім жіберілді,NEEDS_REVIEW,Возвращается API; в интерфейсе показывается собственный текст CN-011
ER-059,ERRORS,/order,src/app/api/orders/route.ts,Ответ API: одна из конфигураций в корзине не прошла валидацию (показывается в форме заказа),Одна из конфигураций в корзине некорректна. Откройте её в конфигураторе и добавьте в корзину заново.,"Себеттегі конфигурациялардың бірі дұрыс емес. Оны конфигураторда ашып, себетке қайта қосыңыз.",NEEDS_REVIEW,НОВОЕ ПРЕДЛОЖЕНИЕ kk (2026-09-21) — требует проверки владельцем
SE-001,SEO,/,src/app/layout.tsx,Шаблон заголовка по умолчанию для всех страниц (title),{бренд} — модульные металлические стеллажи | Казахстан,{бренд} — модульдік металл стеллаждар | Қазақстан,NEEDS_REVIEW,"ДИНАМИЧЕСКАЯ СТРОКА. Используется и как title главной страницы. Терминология 2026-09-21: стеллаж (весь стеллаж) → «стеллаж», не «сөре»"
SE-002,SEO,(все страницы),src/app/layout.tsx,Заголовок Open Graph и Twitter по умолчанию,{бренд} — модульные металлические стеллажи,{бренд} — модульдік металл стеллаждар,NEEDS_REVIEW,"ДИНАМИЧЕСКАЯ СТРОКА. Терминология 2026-09-21: стеллаж (весь стеллаж) → «стеллаж», не «сөре»"
SE-003,SEO,(все страницы),src/app/layout.tsx,Ключевое слово в метаданных,стеллаж металлический,металл стеллаж,NEEDS_REVIEW,"Ключевые слова требуют отдельного подбора для казахского поиска, а не дословного перевода"
SE-004,SEO,(все страницы),src/app/layout.tsx,Ключевое слово в метаданных,купить стеллаж,стеллаж сатып алу,NEEDS_REVIEW,Требуется подбор ключевых слов носителем
SE-005,SEO,(все страницы),src/app/layout.tsx,Ключевое слово в метаданных,складской стеллаж,қойма стеллажы,NEEDS_REVIEW,Требуется подбор ключевых слов носителем
SE-006,SEO,(все страницы),src/app/layout.tsx,Ключевое слово в метаданных,архивный стеллаж,мұрағат стеллажы,NEEDS_REVIEW,Требуется подбор ключевых слов носителем
SE-007,SEO,(все страницы),src/app/layout.tsx,Ключевое слово в метаданных,стеллаж Казахстан,стеллаж Қазақстан,NEEDS_REVIEW,Требуется подбор ключевых слов носителем
SE-008,SEO,(все страницы),src/app/layout.tsx,Ключевое слово в метаданных,MS стеллажи,MS стеллаждары,NEEDS_REVIEW,Требуется подбор ключевых слов носителем
SE-009,SEO,(все страницы),src/app/layout.tsx,Ключевое слово в метаданных,конфигуратор стеллажей,стеллаж конфигураторы,NEEDS_REVIEW,Требуется подбор ключевых слов носителем
SE-010,SEO,/catalog,src/app/catalog/page.tsx,"Заголовок страницы каталога (title, Open Graph)",Каталог металлических стеллажей MS — цены и характеристики,MS металл стеллажының каталогы — бағалары мен сипаттамалары,NEEDS_REVIEW,
SE-011,SEO,/catalog,src/app/catalog/page.tsx,"Описание страницы каталога (meta description, Open Graph)","Каталог складских, архивных и усиленных металлических стеллажей MS. Фильтры по модели, размерам и назначению, расчёт цены онлайн.","Қоймаға, мұрағатқа және жоғары жүктемеге арналған MS металл стеллаж каталогы. Модель, өлшем және қолданылуы бойынша сүзгілер, бағаны онлайн есептеу.",NEEDS_REVIEW,
SE-012,SEO,/catalog/[model],src/lib/data/seed-data.ts,"Заголовок страницы модели MS Стандарт (title, Open Graph)",Стеллаж MS Стандарт — модульный металлический стеллаж | купить в Казахстане,MS Стандарт стеллаж— модульдік металл стеллажы | Қазақстанда сатып алу,NEEDS_REVIEW,
SE-013,SEO,/catalog/[model],src/lib/data/seed-data.ts,"Описание страницы модели MS Стандарт (meta description, Open Graph)","Металлический стеллаж MS Стандарт: нагрузка до 150 кг на полку, стандартные размеры на выбор, сборка без сварки. Рассчитайте цену в конфигураторе и закажите с доставкой по Казахстану.","MS Стандарт металл стеллаж: бір сөреге 150 кг-ға дейін жүктеме, таңдауға болатын стандартты өлшемдер, дәнекерлеусіз құрастыру. Бағасын конфигураторда есептеп, Қазақстан бойынша жеткізумен тапсырыс беріңіз.",NEEDS_REVIEW,ru обновлён по исходнику 2026-09-21. НОВОЕ ПРЕДЛОЖЕНИЕ kk (2026-09-21) — требует проверки владельцем (в переводе владельца заменено только «әртүрлі өлшемдер»)
SE-014,SEO,/catalog,src/lib/data/seed-data.ts,Заголовок готовой конфигурации в метаданных каталога,MS Стандарт 2000×1000×300 — архивный стеллаж 4 полки | купить,MS Стандарт 2000×1000×300 — 4 сөрелі мұрағат стеллажы | сатып алу,NEEDS_REVIEW,
SE-015,SEO,/catalog,src/lib/data/seed-data.ts,Описание готовой конфигурации в метаданных каталога,"Готовая конфигурация MS Стандарт 2000×1000×300 мм, 4 полки, нагрузка 150 кг. Цена, доставка и сборка по Казахстану.","MS Стандарт 2000×1000×300 мм дайын конфигурациясы, 4 сөре, 150 кг жүктеме. Бағасы, жеткізу және Қазақстан бойынша құрастыру.",NEEDS_REVIEW,
SE-016,SEO,/catalog,src/lib/data/seed-data.ts,Заголовок готовой конфигурации в метаданных каталога,MS Стандарт 2000×1000×400 — складской стеллаж 4 полки | купить,MS Стандарт 2000×1000×400 — 4 сөрелі қойма стеллажы | сатып алу,NEEDS_REVIEW,
SE-017,SEO,/catalog,src/lib/data/seed-data.ts,Описание готовой конфигурации в метаданных каталога,"Готовая конфигурация MS Стандарт 2000×1000×400 мм, 4 полки, нагрузка 150 кг. Цена, доставка и сборка по Казахстану.","MS Стандарт 2000×1000×400 мм дайын конфигурациясы, 4 сөре, 150 кг жүктеме. Бағасы, жеткізу және Қазақстан бойынша құрастыру.",NEEDS_REVIEW,
SE-018,SEO,/catalog,src/lib/data/seed-data.ts,Заголовок готовой конфигурации в метаданных каталога,MS Стандарт 2000×1000×600 — складской стеллаж 4 полки | купить,MS Стандарт 2000×1000×600 — 4 сөрелі қойма стеллажы | сатып алу,NEEDS_REVIEW,
SE-019,SEO,/catalog,src/lib/data/seed-data.ts,Описание готовой конфигурации в метаданных каталога,"Готовая конфигурация MS Стандарт 2000×1000×600 мм, 4 полки, нагрузка 150 кг. Цена, доставка и сборка по Казахстану.","MS Стандарт 2000×1000×600 мм дайын конфигурациясы, 4 сөре, 150 кг жүктеме. Бағасы, жеткізу және Қазақстан бойынша құрастыру.",NEEDS_REVIEW,
SE-020,SEO,/catalog,src/lib/data/seed-data.ts,Заголовок готовой конфигурации в метаданных каталога,MS Стандарт 1800×700×300 — гаражный стеллаж | купить,MS Стандарт 1800×700×300 — гараж стеллажы | сатып алу,NEEDS_REVIEW,
SE-021,SEO,/catalog,src/lib/data/seed-data.ts,Описание готовой конфигурации в метаданных каталога,"Компактный гаражный стеллаж MS Стандарт 1800×700×300 мм, 4 полки. Цена и доставка по Казахстану.","MS Стандарт 1800×700×300 мм ықшам гараж стеллажы, 4 сөре. Бағасы және Қазақстан бойынша жеткізу.",NEEDS_REVIEW,
SE-022,SEO,/configurator,src/app/configurator/page.tsx,"Заголовок страницы конфигуратора (title, Open Graph)",Конфигуратор стеллажей MS — расчёт цены онлайн,MS стеллажы конфигураторы — бағаны онлайн есептеу,NEEDS_REVIEW,
SE-023,SEO,/configurator,src/app/configurator/page.tsx,"Описание страницы конфигуратора (meta description, Open Graph)","Соберите стеллаж MS под свои задачи: модель, размеры, полки, нагрузка, стенки, аксессуары. Цена рассчитывается мгновенно.","Қажетіңізге қарай MS стеллаж құрастырыңыз: модель, өлшемдер, сөрелер, жүктеме, қабырғалар, аксессуарлар. Бағасы бірден есептеледі.",NEEDS_REVIEW,
SE-024,SEO,/cart,src/app/cart/page.tsx,Заголовок страницы корзины (title),Корзина,Себет,NEEDS_REVIEW,"Страница закрыта от индексации, но заголовок виден во вкладке браузера"
SE-025,SEO,/cart,src/app/cart/page.tsx,Описание страницы корзины (meta description),Ваши конфигурации стеллажей MS перед оформлением заказа.,Тапсырыс рәсімдеу алдындағы MS стеллаж конфигурациялары.,NEEDS_REVIEW,
SE-026,SEO,/order,src/app/order/page.tsx,Заголовок страницы оформления заказа (title),Оформление заказа,Тапсырысты рәсімдеу,NEEDS_REVIEW,
SE-027,SEO,/order,src/app/order/page.tsx,Описание страницы оформления заказа (meta description),Оформите заказ на стеллажи MS онлайн.,MS стеллаждарына онлайн тапсырыс беріңіз.,NEEDS_REVIEW,
SE-028,SEO,/order/success,src/app/order/success/page.tsx,Заголовок страницы успешного заказа (title),Заказ оформлен,Тапсырыс рәсімделді,NEEDS_REVIEW,
SE-029,SEO,/order/success,src/app/order/success/page.tsx,Описание страницы успешного заказа (meta description),Спасибо за заказ стеллажей MS.,MS стеллажына тапсырыс бергеніңізге рақмет.,NEEDS_REVIEW,
SE-030,SEO,/delivery,src/app/delivery/page.tsx,"Заголовок страницы доставки (title, Open Graph)",Доставка и сборка стеллажей MS по Казахстану,Қазақстан бойынша MS стеллажын жеткізу және құрастыру,NEEDS_REVIEW,
SE-031,SEO,/delivery,src/app/delivery/page.tsx,"Описание страницы доставки (meta description, Open Graph)","Склады в Алматы, Астане, Караганде и Шымкенте: самовывоз, бесплатная доставка в день заказа по четырём городам и доставка по Казахстану, профессиональная сборка стеллажей MS. Условия и сроки.","Алматы, Астана, Қарағанды және Шымкент қалаларындағы қоймалар: алып кету, төрт қала бойынша тапсырыс күні тегін жеткізу және Қазақстан бойынша жеткізу, MS стеллажын кәсіби құрастыру. Шарттары мен мерзімдері.",NEEDS_REVIEW,ru обновлён по исходнику 2026-09-21. НОВОЕ ПРЕДЛОЖЕНИЕ kk (2026-09-21) — требует проверки владельцем (в переводе владельца добавлен только фрагмент о бесплатной доставке)
SE-032,SEO,/payment,src/app/payment/page.tsx,"Заголовок страницы оплаты (title, Open Graph)",Оплата,Төлем,NEEDS_REVIEW,
SE-033,SEO,/payment,src/app/payment/page.tsx,"Описание страницы оплаты (meta description, Open Graph)","Способы оплаты стеллажей MS: безналичный расчёт, оплата по счёту, наличные, Kaspi Pay и Kaspi QR.","MS стеллажын төлеу тәсілдері: қолма-қол ақшасыз есеп айырысу, шот бойынша төлем, қолма-қол ақша, Kaspi Pay және Kaspi QR.",NEEDS_REVIEW,
SE-034,SEO,/contacts,src/app/contacts/page.tsx,"Заголовок страницы контактов (title, Open Graph)",Контакты,Байланыс,NEEDS_REVIEW,
SE-035,SEO,/contacts,src/app/contacts/page.tsx,"Описание страницы контактов (meta description, Open Graph)","Свяжитесь с {бренд}: WhatsApp, email и адрес.","{Бренд} компаниясымен байланысыңыз: WhatsApp, email және мекенжай.",NEEDS_REVIEW,ДИНАМИЧЕСКАЯ СТРОКА
SE-036,SEO,/privacy,src/app/privacy/page.tsx,"Заголовок страницы политики (title, Open Graph)",Политика конфиденциальности,Құпиялылық саясаты,NEEDS_REVIEW,
SE-037,SEO,/privacy,src/app/privacy/page.tsx,"Описание страницы политики (meta description, Open Graph)",Политика обработки персональных данных пользователей сайта MS Стеллажи.,MS Стеллаждар сайты пайдаланушыларының дербес деректерін өңдеу саясаты.,NEEDS_REVIEW,
SE-038,SEO,/terms,src/app/terms/page.tsx,"Заголовок страницы оферты (title, Open Graph)",Публичная оферта,Жария оферта,NEEDS_REVIEW,
SE-039,SEO,/terms,src/app/terms/page.tsx,"Описание страницы оферты (meta description, Open Graph)",Условия публичной оферты на продажу металлических стеллажей MS.,MS металл стеллажын сатуға арналған жария оферта шарттары.,NEEDS_REVIEW,
SE-040,SEO,/catalog/[model],src/app/catalog/[model]/page.tsx,"Заголовок страницы, если модель не найдена (title, noindex)",Модель не найдена,Модель табылмады,NEEDS_REVIEW,"Тот же текст, что PR-001 — это одна и та же строка метаданных"
